Food_Code,Food_Name,Nutrient_Payload
D013,"[D013] Bottle gourd, (Solanum melongena)","Macronutrients [Protein: 0.06±0.019g, Fat: 0.11±0.003g, Carbs: 36.67±7.69g] | Water-Soluble Vitamins [Folate (B9): 0.09±0.02 mcg, Vitamin C: 12.75±0.33 mg, B1: Brinjal-4 mg, B2: 4 mg] | Fat-Soluble Vitamins [Vitamin A: Brinjal-4 mcg, Vitamin D2: 4 mcg, Vitamin E: 138±34.2 mg] | Minerals [Calcium: 4 mg, Iron: 0.11±0.00 mg, Magnesium: 13.39±3.79 mg, Zinc: 0.002±0.001 mg] | Minerals [Calcium: 4 mg, Iron: 20.65±7.46 mg, Magnesium: 0.18±0.03 mg, Zinc: 0.001±0.000 mg]"
D014,[D014] Vegetable (Solanum melongena),"Macronutrients [Protein: 89.45±1.73g, Fat: 1.38±0.26g, Carbs: 4.02±2.01g] | Water-Soluble Vitamins [Folate (B9): 0.10±0.02 mcg, Vitamin C: 13.05±0.64 mg, B1: Brinjal-5 mg, B2: 3 mg] | Minerals [Calcium: 3 mg, Iron: 0.08±0.00 mg, Magnesium: 0.001±0.001 mg, Zinc: 17.03±2.93 mg] | Minerals [Calcium: 3 mg, Iron: 25.36±11.97 mg, Magnesium: 0.16±0.02 mg, Zinc: 0.001±0.001 mg]"
D015,[D015] Vegetable (Solanum melongena),"Macronutrients [Protein: 90.57g, Fat: 1.46g, Carbs: 3.29g] | Water-Soluble Vitamins [Folate (B9): 0.08 mcg, Vitamin C: 21.45 mg, B1: Brinjal-6 mg, B2: 2 mg] | Minerals [Calcium: 2 mg, Iron: 0.07 mg, Magnesium: 0.001 mg, Zinc: 17.17 mg] | Minerals [Calcium: 2 mg, Iron: 18.82 mg, Magnesium: 0.20 mg, Zinc: 0.003 mg]"
D016,[D016] Vegetable (Solanum melongena),"Macronutrients [Protein: 91.25g, Fat: 1.40g, Carbs: 3.10g] | Water-Soluble Vitamins [Folate (B9): 0.03 mcg, Vitamin C: 13.14 mg, B1: Brinjal-7 mg, B2: 1 mg] | Minerals [Calcium: 1 mg, Iron: 0.15 mg, Magnesium: 0.001 mg, Zinc: 19.95 mg] | Minerals [Calcium: 1 mg, Iron: 15.26 mg, Magnesium: 0.16 mg, Zinc: 0.001 mg]"
D017,[D017] melongena),"Macronutrients [Protein: 89.28±0.39g, Fat: 1.82±0.16g, Carbs: 3.75±0.18g] | Water-Soluble Vitamins [Folate (B9): 0.08±0.02 mcg, Vitamin C: 13.94±2.56 mg, B1: Brinjal-8(Solanum mg, B2: 3 mg] | Minerals [Calcium: 3 mg, Iron: 0.09±0.00 mg, Magnesium: 21±2 mg, Zinc: 0.004±0.001 mg] | Minerals [Calcium: 3 mg, Iron: 26.63±8.03 mg, Magnesium: 0.19±0.02 mg, Zinc: 0.002±0.001 mg]"
D018,[D018] melongena),"Macronutrients [Protein: 89.83g, Fat: 1.47g, Carbs: 3.52g] | Water-Soluble Vitamins [Folate (B9): 0.09 mcg, Vitamin C: 14.05 mg, B1: Brinjal-9(Solanum mg, B2: 2 mg] | Minerals [Calcium: 2 mg, Iron: 0.02 mg, Magnesium: 18.79 mg, Zinc: 0.006 mg] | Minerals [Calcium: 2 mg, Iron: 26.23 mg, Magnesium: 0.16 mg, Zinc: 0.003 mg]"
D019,[D019] Vegetable (Solanum melongena),"Macronutrients [Protein: 89.38g, Fat: 1.68g, Carbs: 4.08g] | Water-Soluble Vitamins [Folate (B9): 0.05 mcg, Vitamin C: 14.25 mg, B1: Brinjal-10 mg, B2: 2 mg] | Minerals [Calcium: 2 mg, Iron: 0.12 mg, Magnesium: 0.001 mg, Zinc: 15.59 mg] | Minerals [Calcium: 2 mg, Iron: 22.11 mg, Magnesium: 0.18 mg, Zinc: 0.016 mg]"
D020,[D020] Vegetable (Solanum melongena),"Macronutrients [Protein: 89.93±0.89g, Fat: 1.43±0.20g, Carbs: 3.53±1.01g] | Water-Soluble Vitamins [Folate (B9): 0.07±0.03 mcg, Vitamin C: 14.46±1.91 mg, B1: Brinjal-11 mg, B2: 6 mg] | Minerals [Calcium: 6 mg, Iron: 0.06±0.01 mg, Magnesium: 15.92±2.76 mg, Zinc: 0.006±0.004 mg] | Minerals [Calcium: 6 mg, Iron: 20.73±5.13 mg, Magnesium: 0.14±0.02 mg, Zinc: 0.002±0.001 mg]"
D021,[D021] Vegetable (Solanum melongena),"Macronutrients [Protein: 90.94g, Fat: 1.60g, Carbs: 2.73g] | Water-Soluble Vitamins [Folate (B9): 0.09 mcg, Vitamin C: 14.32 mg, B1: Brinjal-12 mg, B2: 2 mg] | Minerals [Calcium: 2 mg, Iron: 0.09 mg, Magnesium: 0.001 mg, Zinc: 19.85 mg] | Minerals [Calcium: 2 mg, Iron: 19.26 mg, Magnesium: 0.18 mg, Zinc: 0.001 mg]"
D022,[D022] melongena),"Macronutrients [Protein: 89.14g, Fat: 1.49g, Carbs: 4.51g] | Water-Soluble Vitamins [Folate (B9): 0.07 mcg, Vitamin C: 14.29 mg, B1: Brinjal-13(Solanum mg, B2: 1 mg] | Minerals [Calcium: 1 mg, Iron: 0.04 mg, Magnesium: 18.95 mg, Zinc: 0.005 mg] | Minerals [Calcium: 1 mg, Iron: 18.00 mg, Magnesium: 0.15 mg, Zinc: 0.007 mg]"
D023,[D023] melongena),"Macronutrients [Protein: 90.31±0.06g, Fat: 1.56±0.19g, Carbs: 3.27±0.39g] | Water-Soluble Vitamins [Folate (B9): 0.06±0.01 mcg, Vitamin C: 14.58±1.77 mg, B1: Brinjal-14(Solanum mg, B2: 3 mg] | Minerals [Calcium: 3 mg, Iron: 0.11±0.02 mg, Magnesium: 0.001±0.001 mg, Zinc: 14.43±3.70 mg] | Minerals [Calcium: 3 mg, Iron: 19.19±8.62 mg, Magnesium: 0.15±0.07 mg, Zinc: 0.002±0.000 mg]"
D024,[D024] Vegetable (Solanum melongena),"Macronutrients [Protein: 89.44±0.96g, Fat: 1.58±0.27g, Carbs: 3.96±0.19g] | Water-Soluble Vitamins [Folate (B9): 0.08±0.01 mcg, Vitamin C: 14.04±2.02 mg, B1: Brinjal-15 mg, B2: 4 mg] | Minerals [Calcium: 4 mg, Iron: 0.06±0.02 mg, Magnesium: 17.82±2.16 mg, Zinc: 0.003±0.002 mg] | Minerals [Calcium: 4 mg, Iron: 21.89±3.72 mg, Magnesium: 0.15±0.05 mg, Zinc: 0.004±0.003 mg]"
D025,[D025] melongena),"Macronutrients [Protein: 90.39g, Fat: 1.26g, Carbs: 3.46g] | Water-Soluble Vitamins [Folate (B9): 0.09 mcg, Vitamin C: 13.37 mg, B1: Brinjal-16(Solanum mg, B2: 1 mg] | Minerals [Calcium: 1 mg, Iron: 0.10 mg, Magnesium: 0.001 mg, Zinc: 18.33 mg] | Minerals [Calcium: 1 mg, Iron: 17.06 mg, Magnesium: 0.18 mg, Zinc: 0.003 mg]"
D026,[D026] melongena),"Macronutrients [Protein: 90.83g, Fat: 1.18g, Carbs: 2.89g] | Water-Soluble Vitamins [Folate (B9): 0.07 mcg, Vitamin C: 12.75 mg, B1: Brinjal-17(Solanum mg, B2: 1 mg] | Minerals [Calcium: 1 mg, Iron: 0.10 mg, Magnesium: 20.83 mg, Zinc: 0.004 mg] | Minerals [Calcium: 1 mg, Iron: 23.13 mg, Magnesium: 0.14 mg, Zinc: 0.005 mg]"
D027,[D027] Vegetable (Solanum melongena),"Macronutrients [Protein: 89.07±0.78g, Fat: 1.47±0.15g, Carbs: 4.10±0.88g] | Water-Soluble Vitamins [Folate (B9): 0.04±0.01 mcg, Vitamin C: 13.67±0.92 mg, B1: Brinjal-18 mg, B2: 3 mg] | Minerals [Calcium: 3 mg, Iron: 0.08±0.02 mg, Magnesium: 0.001±0.001 mg, Zinc: 16.24±4.21 mg] | Minerals [Calcium: 3 mg, Iron: 15.48±1.73 mg, Magnesium: 0.17±0.04 mg, Zinc: 0.006±0.000 mg]"
D028,[D028] melongena),"Macronutrients [Protein: 90.41±0.55g, Fat: 1.26±0.06g, Carbs: 3.39±0.36g] | Water-Soluble Vitamins [Folate (B9): 0.07±0.03 mcg, Vitamin C: 11.48±1.05 mg, B1: Brinjal-19(Solanum mg, B2: 3 mg] | Minerals [Calcium: 3 mg, Iron: 0.07±0.06 mg, Magnesium: 0.001±0.000 mg, Zinc: 16.10±1.74 mg] | Minerals [Calcium: 3 mg, Iron: 18.41±2.91 mg, Magnesium: 0.16±0.02 mg, Zinc: 0.001±0.000 mg]"
D029,[D029] melongena),"Macronutrients [Protein: 90.65±0.79g, Fat: 1.44±0.21g, Carbs: 3.15±0.60g] | Water-Soluble Vitamins [Folate (B9): 0.07±0.03 mcg, Vitamin C: 10.94±1.17 mg, B1: Brinjal-20(Solanum mg, B2: 5 mg] | Minerals [Calcium: 5 mg, Iron: 0.14±0.09 mg, Magnesium: 0.001±0.001 mg, Zinc: 14.36±2.59 mg] | Minerals [Calcium: 5 mg, Iron: 18.51±3.26 mg, Magnesium: 0.16±0.05 mg, Zinc: 0.001±0.001 mg]"
D030,[D030] melongena),"Macronutrients [Protein: 89.83g, Fat: 1.36g, Carbs: 3.93g] | Water-Soluble Vitamins [Folate (B9): 0.08 mcg, Vitamin C: 10.50 mg, B1: Brinjal-21(Solanum mg, B2: 2 mg] | Minerals [Calcium: 2 mg, Iron: 0.08 mg, Magnesium: 0.002 mg, Zinc: 15.27 mg] | Minerals [Calcium: 2 mg, Iron: 17.30 mg, Magnesium: 0.23 mg, Zinc: 0.017 mg]"
D031,[D031] Brinjal - all varieties (Solanum melongena),"Macronutrients [Protein: 90.00±0.90g, Fat: 1.48±0.22g, Carbs: 3.52±0.80g] | Water-Soluble Vitamins [Folate (B9): 0.07±0.03 mcg, Vitamin C: 13.53±2.62 mg, B1: - mg, B2: 6 mg] | Minerals [Calcium: 0.08±0.05 mg, Iron: 0.001±0.001 mg, Magnesium: 16.59±3.13 mg, Zinc: 0.005±0.003 mg] | Minerals [Calcium: 21±5.68 mg, Iron: 0.17±0.06 mg, Magnesium: 0.002±0.002 mg, Zinc: 0.011±0.009 mg]"
D032,[D032] Broad beans (Vicia faba),"Macronutrients [Protein: 3.85±0.13g, Fat: 1.05±0.08g, Carbs: 2.11±0.11g] | Water-Soluble Vitamins [Folate (B9): 0.06±0.03 mcg, Vitamin C: 93.20±0.50 mg, B1: 3 mg, B2: 11.58±1.55 mg] | Minerals [Calcium: 0.34±0.16 mg, Iron: 64.37±5.06 mg, Magnesium: 0.001±0.000 mg, Zinc: 0.002±0.001 mg] | Minerals [Calcium: 40.18±2.10 mg, Iron: 0.47±0.04 mg, Magnesium: 0.024±0.006 mg, Zinc: 0.04±0.01 mg]"
D033,"[D033] Capsicum, green (Capsicum annuum)","Macronutrients [Protein: 1.11±0.11g, Fat: 0.76±0.05g, Carbs: 1.84±0.32g] | Water-Soluble Vitamins [Folate (B9): 0.07±0.03 mcg, Vitamin C: 24.66±2.89 mg, B1: 6 mg, B2: 0.70±0.21 mg] | Minerals [Calcium: 0.001±0.000 mg, Iron: 14.75±2.93 mg, Magnesium: 0.017±0.008 mg, Zinc: 0.002±0.001 mg] | Minerals [Calcium: 11.84±1.91 mg, Iron: 0.10±0.04 mg, Magnesium: 0.001±0.001 mg, Zinc: 0.014±0.007 mg]"
D034,"[D034] Capsicum, red (Capsicum annuum)","Macronutrients [Protein: 1.47±0.36g, Fat: 0.76±0.14g, Carbs: 2.14±1.06g] | Water-Soluble Vitamins [Folate (B9): 0.19±0.02 mcg, Vitamin C: 28.42±8.83 mg, B1: 4 mg, B2: 0.52±0.11 mg] | Minerals [Calcium: 0.25±0.06 mg, Iron: 0.001±0.001 mg, Magnesium: 15.76±1.11 mg, Zinc: 0.008±0.002 mg] | Minerals [Calcium: 19.57±5.45 mg, Iron: 0.24±0.12 mg, Magnesium: 0.005±0.004 mg, Zinc: 30.81±5.81 mg]"
D035,"[D035] Capsicum, yellow (Capsicum annuum)","Macronutrients [Protein: 1.35±0.35g, Fat: 0.72±0.12g, Carbs: 1.95±0.16g] | Water-Soluble Vitamins [Folate (B9): 66.15±2.56 mcg, Vitamin C: 127±12.5 mg, B1: 4 mg, B2: 0.14±0.012 mg] | Water-Soluble Vitamins [Folate (B9): 0.18±0.03 mcg, Vitamin C: 35.25±12.82 mg, B1: 4 mg, B2: 0.89±0.18 mg] | Minerals [Calcium: 0.23±0.07 mg, Iron: 0.03±0.02 mg, Magnesium: 0.001±0.000 mg, Zinc: 19.13±4.17 mg] | Minerals [Calcium: 17.23±4.30 mg, Iron: 0.17±0.05 mg, Magnesium: 0.008±0.002 mg, Zinc: 43.33±10.64 mg]"
D036,[D036] Cauliflower (Brassica oleracea var. botrytis),"Macronutrients [Protein: 2.15±0.15g, Fat: 0.91±0.10g, Carbs: 2.03±0.22g] | Water-Soluble Vitamins [Folate (B9): 45.95±2.95 mcg, Vitamin C: 47.14±7.47 mg, B1: 6 mg, B2: 0.04±0.003 mg] | Water-Soluble Vitamins [Folate (B9): 0.02±0.00 mcg, Vitamin C: 14.33±0.34 mg, B1: 6 mg, B2: 1.32±0.16 mg] | Minerals [Calcium: 0.17±0.13 mg, Iron: 25.16±3.47 mg, Magnesium: 0.007±0.003 mg, Zinc: 0.001±0.001 mg] | Minerals [Calcium: 23.08±4.37 mg, Iron: 0.23±0.08 mg, Magnesium: 0.002±0.001 mg, Zinc: 0.013±0.005 mg]"
D037,[D037] Celery stalk (Apium graveolens),"Macronutrients [Protein: 0.98±0.13g, Fat: 1.50±0.16g, Carbs: 2.33±0.23g] | Water-Soluble Vitamins [Folate (B9): 22.48±1.33 mcg, Vitamin C: 12.30±2.89 mg, B1: 3 mg, B2: 0.03±0.007 mg] | Water-Soluble Vitamins [Folate (B9): 0.03±0.03 mcg, Vitamin C: 25.87±3.13 mg, B1: 3 mg, B2: 1.39±0.07 mg] | Minerals [Calcium: 1.32±0.34 mg, Iron: 0.51±0.10 mg, Magnesium: 0.002±0.001 mg, Zinc: 38.73±3.38 mg] | Minerals [Calcium: 17.12±6.63 mg, Iron: 0.24±0.04 mg, Magnesium: 0.011±0.001 mg, Zinc: 44.84±9.18 mg]"
D038,[D038] Cho-cho-marrow (Sechium edule),"Macronutrients [Protein: 0.66±0.07g, Fat: 0.38±0.05g, Carbs: 3.47±0.18g] | Water-Soluble Vitamins [Folate (B9): 63.03±9.04 mcg, Vitamin C: 20.21±5.48 mg, B1: 4 mg, B2: 0.01±0.000 mg] | Water-Soluble Vitamins [Folate (B9): 0.09±0.01 mcg, Vitamin C: 1.78±0.21 mg, B1: 4 mg, B2: 5.46±0.18 mg] | Minerals [Calcium: 18.64±2.31 mg, Iron: 0.006±0.002 mg, Magnesium: 0.001±0.001 mg, Zinc: 0.05±0.01 mg] | Minerals [Calcium: 13.05±1.03 mg, Iron: 0.17±0.09 mg, Magnesium: 0.002±0.001 mg, Zinc: 0.008±0.005 mg]"
D039,[D039] Cluster beans (Cyamopsis tetragonoloba),"Macronutrients [Protein: 3.55±0.38g, Fat: 1.68±0.13g, Carbs: 4.91±0.58g] | Water-Soluble Vitamins [Folate (B9): 41.24±4.35 mcg, Vitamin C: 17.96±5.83 mg, B1: 6 mg, B2: 0.05±0.006 mg] | Water-Soluble Vitamins [Folate (B9): 0.81±0.04 mcg, Vitamin C: 23.70±0.30 mg, B1: 6 mg, B2: 13.72±0.29 mg] | Minerals [Calcium: 0.33±0.08 mg, Iron: 121±17.8 mg, Magnesium: 0.013±0.004 mg, Zinc: 0.004±0.000 mg] | Minerals [Calcium: 81.74±10.44 mg, Iron: 0.39±0.12 mg, Magnesium: 0.022±0.007 mg, Zinc: 0.057±0.016 mg]"
D040,"[D040] Colocasia, stem, black (Colocasia esculenta)","Macronutrients [Protein: 0.76g, Fat: 0.91g, Carbs: 3.83g] | Water-Soluble Vitamins [Folate (B9): 30.88 mcg, Vitamin C: 5.15 mg, B1: 1 mg, B2: 0.02 mg] | Water-Soluble Vitamins [Folate (B9): 0.06 mcg, Vitamin C: 35.75 mg, B1: 1 mg, B2: 0.21 mg] | Minerals [Calcium: 1.16 mg, Iron: 0.001 mg, Magnesium: 29.46 mg, Zinc: 0.015 mg] | Minerals [Calcium: 11.07 mg, Iron: 2.00 mg, Magnesium: 0.003 mg, Zinc: 0.013 mg]"
D041,"[D041] Colocasia, stem, green (Colocasia esculenta)","Macronutrients [Protein: 0.91±0.16g, Fat: 1.00±0.04g, Carbs: 2.86±0.34g] | Water-Soluble Vitamins [Folate (B9): 25.32±3.00 mcg, Vitamin C: 5.83±1.28 mg, B1: 5 mg, B2: 0.02±0.004 mg] | Water-Soluble Vitamins [Folate (B9): 0.09±0.03 mcg, Vitamin C: 33.68±6.36 mg, B1: 5 mg, B2: 0.14±0.03 mg] | Minerals [Calcium: 1.58±1.42 mg, Iron: 40.21±6.92 mg, Magnesium: 0.020±0.006 mg, Zinc: 0.002±0.002 mg] | Minerals [Calcium: 19.56±4.36 mg, Iron: 0.37±0.20 mg, Magnesium: 0.005±0.004 mg, Zinc: 0.008±0.003 mg]"
D042,"[D042] Corn, baby(Zea mays)","Macronutrients [Protein: 2.69±0.23g, Fat: 2.79±0.21g, Carbs: 11.66±1.40g] | Water-Soluble Vitamins [Folate (B9): 45.53±11.69 mcg, Vitamin C: 8.59±1.48 mg, B1: 6 mg, B2: 0.15±0.054 mg] | Water-Soluble Vitamins [Folate (B9): 0.13±0.02 mcg, Vitamin C: 75.05±3.66 mg, B1: 6 mg, B2: 31.20±3.77 mg] | Minerals [Calcium: 76.51±13.84 mg, Iron: 0.002±0.001 mg, Magnesium: 0.001±0.000 mg, Zinc: 0.12±0.03 mg] | Minerals [Calcium: 25.47±2.17 mg, Iron: 0.19±0.03 mg, Magnesium: 8.69±1.35 mg, Zinc: 260±19.4 mg]"
D043,"[D043] Cucumber, green, elongate(Cucumis sativus)","Macronutrients [Protein: 0.71±0.11g, Fat: 0.54±0.06g, Carbs: 3.48±0.47g] | Water-Soluble Vitamins [Folate (B9): 16.84±3.17 mcg, Vitamin C: 6.11±1.49 mg, B1: 6 mg, B2: 0.02±0.003 mg] | Minerals [Calcium: 0.07±0.07 mg, Iron: 16.39±3.74 mg, Magnesium: 0.006±0.002 mg, Zinc: 0.002±0.001 mg] | Minerals [Calcium: 20.38±4.95 mg, Iron: 0.08±0.03 mg, Magnesium: 0.002±0.002 mg, Zinc: 0.008±0.002 mg]"
D044,"[D044] Cucumber, green, short (Cucumis sativus)","Macronutrients [Protein: 0.83±0.14g, Fat: 0.52±0.06g, Carbs: 2.82±0.49g] | Water-Soluble Vitamins [Folate (B9): 14.67±1.24 mcg, Vitamin C: 6.21±2.14 mg, B1: 6 mg, B2: 0.02±0.005 mg] | Water-Soluble Vitamins [Folate (B9): 0.02±0.01 mcg, Vitamin C: 8.00±1.51 mg, B1: 6 mg, B2: 1.36±0.19 mg] | Minerals [Calcium: 0.05±0.05 mg, Iron: 19.25±3.46 mg, Magnesium: 0.005±0.002 mg, Zinc: 0.002±0.001 mg] | Minerals [Calcium: 18.48±5.63 mg, Iron: 0.09±0.02 mg, Magnesium: 0.001±0.001 mg, Zinc: 0.008±0.002 mg]"
D045,"[D045] Cucumber, orange, round (Cucumis sativus)","Macronutrients [Protein: 0.98g, Fat: 0.52g, Carbs: 3.01g] | Water-Soluble Vitamins [Folate (B9): 18.77 mcg, Vitamin C: 6.24 mg, B1: 2 mg, B2: 0.02 mg] | Water-Soluble Vitamins [Folate (B9): 0.02 mcg, Vitamin C: 7.50 mg, B1: 2 mg, B2: 1.59 mg] | Minerals [Calcium: 0.10 mg, Iron: 0.001 mg, Magnesium: 21.98 mg, Zinc: 0.006 mg] | Minerals [Calcium: 20.34 mg, Iron: 0.07 mg, Magnesium: 0.002 mg, Zinc: 0.009 mg]"
D046,[D046] Drumstick (Moringa oleifera),"Macronutrients [Protein: 2.62±0.22g, Fat: 1.27±0.09g, Carbs: 3.76±0.70g] | Water-Soluble Vitamins [Folate (B9): 62.75±6.71 mcg, Vitamin C: 71.86±19.13 mg, B1: 6 mg, B2: 0.04±0.002 mg] | Water-Soluble Vitamins [Folate (B9): 0.31±0.07 mcg, Vitamin C: 358±3.4 mg, B1: 6 mg, B2: 1.67±0.25 mg] | Minerals [Calcium: 0.24±0.09 mg, Iron: 33.30±5.54 mg, Magnesium: 0.008±0.003 mg, Zinc: 0.10±0.02 mg] | Minerals [Calcium: 38.10±10.53 mg, Iron: 0.19±0.03 mg, Magnesium: 0.001±0.000 mg, Zinc: 0.011±0.005 mg]"
D047,"[D047] Field beans, tender, broad (Vicia faba)","Macronutrients [Protein: 3.06g, Fat: 0.94g, Carbs: 2.75g] | Water-Soluble Vitamins [Folate (B9): 123 mcg, Vitamin C: 5.99 mg, B1: 2 mg, B2: 0.07 mg] | Water-Soluble Vitamins [Folate (B9): 0.11 mcg, Vitamin C: 26.45 mg, B1: 2 mg, B2: 7.14 mg] | Minerals [Calcium: 0.64 mg, Iron: 70.57 mg, Magnesium: 0.006 mg, Zinc: 0.003 mg] | Minerals [Calcium: 50.88 mg, Iron: 0.56 mg, Magnesium: 0.047 mg, Zinc: 0.037 mg]"
D048,"[D048] Field beans, tender, lean (Vicia faba)","Macronutrients [Protein: 3.71±0.62g, Fat: 1.08±0.12g, Carbs: 2.85±0.32g] | Water-Soluble Vitamins [Folate (B9): 127±28.9 mcg, Vitamin C: 3.84±1.24 mg, B1: 6 mg, B2: 0.08±0.006 mg] | Water-Soluble Vitamins [Folate (B9): 0.10±0.01 mcg, Vitamin C: 26.35±1.83 mg, B1: 6 mg, B2: 7.20±0.10 mg] | Minerals [Calcium: 0.36±0.13 mg, Iron: 58.59±5.21 mg, Magnesium: 0.007±0.003 mg, Zinc: 0.003±0.002 mg] | Minerals [Calcium: 47.42±6.76 mg, Iron: 0.50±0.09 mg, Magnesium: 0.047±0.029 mg, Zinc: 0.039±0.016 mg]"
D049,"[D049] French beans, country (Phaseolus vulgaris)","Macronutrients [Protein: 2.49±0.21g, Fat: 1.05±0.09g, Carbs: 2.68±0.48g] | Water-Soluble Vitamins [Folate (B9): 47.45±8.98 mcg, Vitamin C: 15.81±4.23 mg, B1: 5 mg, B2: 0.04±0.005 mg] | Water-Soluble Vitamins [Folate (B9): 0.07±0.03 mcg, Vitamin C: 15.12±1.18 mg, B1: 5 mg, B2: 1.82±0.14 mg] | Minerals [Calcium: 0.50±0.26 mg, Iron: 55.99±10.70 mg, Magnesium: 0.007±0.002 mg, Zinc: 0.004±0.003 mg] | Minerals [Calcium: 43.01±7.64 mg, Iron: 0.44±0.13 mg, Magnesium: 0.059±0.032 mg, Zinc: 0.056±0.022 mg]"
D050,"[D050] French beans, hybrid (Phaseolus vulgaris)","Macronutrients [Protein: 2.12g, Fat: 0.77g, Carbs: 2.63g] | Water-Soluble Vitamins [Folate (B9): 61.98 mcg, Vitamin C: 1.38 mg, B1: 2 mg, B2: 0.05 mg] | Water-Soluble Vitamins [Folate (B9): 0.09 mcg, Vitamin C: 15.14 mg, B1: 2 mg, B2: 1.85 mg] | Minerals [Calcium: 0.35 mg, Iron: 49.90 mg, Magnesium: 0.004 mg, Zinc: 0.008 mg] | Minerals [Calcium: 34.98 mg, Iron: 0.27 mg, Magnesium: 0.017 mg, Zinc: 0.037 mg]"
D051,"[D051] Jack fruit, raw (Artocarpus heterophyllus)","Macronutrients [Protein: 1.98±0.16g, Fat: 0.99±0.10g, Carbs: 3.48±0.70g] | Water-Soluble Vitamins [Folate (B9): 35.73±5.62 mcg, Vitamin C: 17.51±6.00 mg, B1: 5 mg, B2: 0.05±0.014 mg] | Water-Soluble Vitamins [Folate (B9): 0.05±0.02 mcg, Vitamin C: 22.30±0.71 mg, B1: 5 mg, B2: 6.84±0.48 mg] | Minerals [Calcium: 45.74±7.19 mg, Iron: 0.004±0.002 mg, Magnesium: 0.24±0.07 mg, Zinc: 0.31±0.04 mg] | Minerals [Calcium: 26.60±9.13 mg, Iron: 0.36±0.11 mg, Magnesium: 0.008±0.006 mg, Zinc: 27.78±3.89 mg]"
D052,[D052] Jack fruit,"Macronutrients [Protein: 5.79±0.14g, Fat: 1.02±0.16g, Carbs: 11.81±0.74g] | Water-Soluble Vitamins [Folate (B9): 54.58±12.31 mcg, Vitamin C: 9.68±6.44 mg, B1: 5 mg, B2: 0.06±0.010 mg] | Water-Soluble Vitamins [Folate (B9): 0.06±0.03 mcg, Vitamin C: 13.56±0.22 mg, B1: 5 mg, B2: 1.40±0.19 mg] | Minerals [Calcium: 37.56±3.36 mg, Iron: 0.001±0.001 mg, Magnesium: 0.001±0.001 mg, Zinc: 0.21±0.07 mg] | Minerals [Calcium: 37.04±15.48 mg, Iron: 0.27±0.10 mg, Magnesium: 0.015±0.007 mg, Zinc: 29.33±10.67 mg]"
D053,[D053] Knol - Khol (Brassica oleracea),"Macronutrients [Protein: 93.14±0.27g, Fat: 1.58±0.24g, Carbs: 1.39±0.21g] | Water-Soluble Vitamins [Folate (B9): 14.76±1.64 mcg, Vitamin C: 64.70±10.78 mg, B1: - mg, B2: 6 mg] | Water-Soluble Vitamins [Folate (B9): 0.17±0.01 mcg, Vitamin C: 8.90±0.77 mg, B1: - mg, B2: 6 mg] | Minerals [Calcium: 6 mg, Iron: 35.26±3.81 mg, Magnesium: 0.004±0.002 mg, Zinc: 0.002±0.001 mg] | Minerals [Calcium: 6 mg, Iron: 19.05±3.69 mg, Magnesium: 0.13±0.03 mg, Zinc: 0.004±0.002 mg]"
D054,"[D054] Kovai, big (Coccinia cordifolia)","Macronutrients [Protein: 1.39±0.23g, Fat: 0.58±0.07g, Carbs: 2.01±0.54g] | Water-Soluble Vitamins [Folate (B9): 48.68±5.10 mcg, Vitamin C: 17.62±7.24 mg, B1: 6 mg, B2: 0.04±0.004 mg] | Water-Soluble Vitamins [Folate (B9): 0.72±0.11 mcg, Vitamin C: 19.15±0.40 mg, B1: 6 mg, B2: 6.25±0.20 mg] | Minerals [Calcium: 0.06±0.02 mg, Iron: 34.39±5.90 mg, Magnesium: 0.003±0.001 mg, Zinc: 0.002±0.001 mg] | Minerals [Calcium: 19.60±3.26 mg, Iron: 0.16±0.05 mg, Magnesium: 0.001±0.001 mg, Zinc: 0.010±0.002 mg]"
D055,"[D055] Kovai, small (Coccinia cordifolia)","Macronutrients [Protein: 1.22g, Fat: 0.47g, Carbs: 2.41g] | Water-Soluble Vitamins [Folate (B9): 50.13 mcg, Vitamin C: 21.08 mg, B1: 1 mg, B2: 0.04 mg] | Water-Soluble Vitamins [Folate (B9): 0.70 mcg, Vitamin C: 19.10 mg, B1: 1 mg, B2: 6.06 mg] | Minerals [Calcium: 0.02 mg, Iron: 37.12 mg, Magnesium: 0.002 mg, Zinc: 0.001 mg] | Minerals [Calcium: 18.87 mg, Iron: 0.12 mg, Magnesium: 0.001 mg, Zinc: 0.006 mg]"
D056,[D056] Ladies finger (Abelmoschus esculentus),"Macronutrients [Protein: 2.08±0.37g, Fat: 0.94±0.09g, Carbs: 3.62±0.26g] | Water-Soluble Vitamins [Folate (B9): 63.68±10.76 mcg, Vitamin C: 22.51±1.60 mg, B1: 6 mg, B2: 0.04±0.005 mg] | Water-Soluble Vitamins [Folate (B9): 0.50±0.01 mcg, Vitamin C: 21.52±0.29 mg, B1: 6 mg, B2: 7.46±0.41 mg] | Minerals [Calcium: 0.47±0.15 mg, Iron: 0.002±0.001 mg, Magnesium: 86.12±6.93 mg, Zinc: 0.005±0.001 mg] | Minerals [Calcium: 66.10±8.99 mg, Iron: 0.30±0.04 mg, Magnesium: 0.005±0.002 mg, Zinc: 0.012±0.001 mg]"
D057,"[D057] Mango, green, raw (Mangifera indica)","Macronutrients [Protein: 0.69±0.09g, Fat: 0.49±0.07g, Carbs: 10.59±0.37g] | Water-Soluble Vitamins [Folate (B9): 25.86±7.38 mcg, Vitamin C: 90.24±10.47 mg, B1: 6 mg, B2: 0.02±0.003 mg] | Water-Soluble Vitamins [Folate (B9): 0.91±0.14 mcg, Vitamin C: 14.42±0.29 mg, B1: 6 mg, B2: 7.68±0.24 mg] | Minerals [Calcium: 0.11±0.02 mg, Iron: 27.00±4.93 mg, Magnesium: 0.010±0.003 mg, Zinc: 0.08±0.02 mg] | Minerals [Calcium: 17.54±3.18 mg, Iron: 0.23±0.06 mg, Magnesium: 0.006±0.002 mg, Zinc: 14.92±2.22 mg]"
D058,"[D058] Onion, stalk (Allium cepa)","Macronutrients [Protein: 2.07±0.21g, Fat: 1.13±0.09g, Carbs: 2.99±0.50g] | Water-Soluble Vitamins [Folate (B9): 57.61±11.87 mcg, Vitamin C: 27.23±4.22 mg, B1: 6 mg, B2: 0.03±0.020 mg] | Water-Soluble Vitamins [Folate (B9): 0.81±0.01 mcg, Vitamin C: 44.33±1.52 mg, B1: 6 mg, B2: 6.81±0.31 mg] | Minerals [Calcium: 2.78±1.26 mg, Iron: 1.73±0.46 mg, Magnesium: 0.003±0.003 mg, Zinc: 31.12±7.53 mg] | Minerals [Calcium: 66.71±8.82 mg, Iron: 0.22±0.06 mg, Magnesium: 0.017±0.007 mg, Zinc: 0.031±0.007 mg]"
D059,"[D059] Papaya, raw (Carica papaya)","Macronutrients [Protein: 0.50±0.06g, Fat: 0.55±0.06g, Carbs: 4.40±0.37g] | Water-Soluble Vitamins [Folate (B9): 29.79±2.21 mcg, Vitamin C: 20.73±2.35 mg, B1: 6 mg, B2: 0.02±0.004 mg] | Water-Soluble Vitamins [Folate (B9): 0.07±0.01 mcg, Vitamin C: 2.45±0.28 mg, B1: 6 mg, B2: 7.80±0.65 mg] | Minerals [Calcium: 0.05±0.01 mg, Iron: 0.63±0.34 mg, Magnesium: 22.72±1.71 mg, Zinc: 0.003±0.002 mg] | Minerals [Calcium: 15.03±1.12 mg, Iron: 0.03±0.01 mg, Magnesium: 0.001±0.001 mg, Zinc: 0.002±0.000 mg]"
D060,[D060] Parwar (Trichosanthes dioica),"Macronutrients [Protein: 1.40±0.10g, Fat: 0.59±0.03g, Carbs: 3.54±0.32g] | Water-Soluble Vitamins [Folate (B9): 19.96±1.76 mcg, Vitamin C: 19.24±6.61 mg, B1: 6 mg, B2: 0.05±0.007 mg] | Water-Soluble Vitamins [Folate (B9): 0.04±0.01 mcg, Vitamin C: 8.37±1.48 mg, B1: 6 mg, B2: 0.69±0.11 mg] | Minerals [Calcium: 0.33±0.06 mg, Iron: 0.68±0.38 mg, Magnesium: 30.76±3.08 mg, Zinc: 0.013±0.002 mg] | Minerals [Calcium: 24.59±3.64 mg, Iron: 0.13±0.03 mg, Magnesium: 0.012±0.004 mg, Zinc: 33.81±3.72 mg]"
D061,"[D061] Peas, fresh (Pisum sativum)","Macronutrients [Protein: 7.25±1.03g, Fat: 1.05±0.02g, Carbs: 11.88±0.67g] | Water-Soluble Vitamins [Folate (B9): 54.77±12.01 mcg, Vitamin C: 38.40±6.42 mg, B1: 6 mg, B2: 0.27±0.027 mg] | Water-Soluble Vitamins [Folate (B9): 0.21±0.01 mcg, Vitamin C: 44.22±3.85 mg, B1: 6 mg, B2: 12.91±0.28 mg] | Minerals [Calcium: 0.20±0.06 mg, Iron: 28.24±3.62 mg, Magnesium: 0.002±0.001 mg, Zinc: 0.003±0.001 mg] | Minerals [Calcium: 40.11±3.29 mg, Iron: 0.46±0.06 mg, Magnesium: 0.020±0.004 mg, Zinc: 0.043±0.008 mg]"
D062,"[D062] Plantain, flower (Musa x paradisiaca)","Macronutrients [Protein: 1.47±0.12g, Fat: 1.35±0.09g, Carbs: 2.15±0.43g] | Water-Soluble Vitamins [Folate (B9): 49.27±7.30 mcg, Vitamin C: 6.49±1.15 mg, B1: 6 mg, B2: 0.02±0.005 mg] | Water-Soluble Vitamins [Folate (B9): 0.19±0.01 mcg, Vitamin C: 3.38±0.26 mg, B1: 6 mg, B2: 1.29±0.13 mg] | Minerals [Calcium: 0.07±0.02 mg, Iron: 34.06±1.85 mg, Magnesium: 0.005±0.002 mg, Zinc: 0.10±0.01 mg] | Minerals [Calcium: 39.76±5.37 mg, Iron: 1.09±0.21 mg, Magnesium: 0.004±0.002 mg, Zinc: 0.009±0.003 mg]"
D063,"[D063] Plantain, green (Musa x paradisiaca)","Macronutrients [Protein: 1.18±0.20g, Fat: 1.27±0.14g, Carbs: 17.58±0.35g] | Water-Soluble Vitamins [Folate (B9): 18.96±1.29 mcg, Vitamin C: 23.28±2.40 mg, B1: 6 mg, B2: 0.01±0.001 mg] | Water-Soluble Vitamins [Folate (B9): 0.08±0.01 mcg, Vitamin C: 17.42±1.83 mg, B1: 6 mg, B2: 0.27±0.02 mg] | Minerals [Calcium: 0.08±0.06 mg, Iron: 13.80±2.56 mg, Magnesium: 0.012±0.009 mg, Zinc: 0.002±0.003 mg] | Minerals [Calcium: 35.64±5.34 mg, Iron: 0.29±0.09 mg, Magnesium: 0.12±0.01 mg, Zinc: 0.002±0.001 mg]"
D064,"[D064] Plantain, stem (Musa x paradisiaca)","Macronutrients [Protein: 0.35±0.05g, Fat: 1.20±0.09g, Carbs: 8.64±0.93g] | Water-Soluble Vitamins [Folate (B9): 12.85±2.18 mcg, Vitamin C: 3.77±2.74 mg, B1: 6 mg, B2: 0.02±0.003 mg] | Water-Soluble Vitamins [Folate (B9): 0.02±0.01 mcg, Vitamin C: 2.50±1.19 mg, B1: 6 mg, B2: 0.32±0.06 mg] | Minerals [Calcium: 0.13±0.02 mg, Iron: 0.05±0.03 mg, Magnesium: 11.24±2.30 mg, Zinc: 0.015±0.006 mg] | Minerals [Calcium: 32.82±9.01 mg, Iron: 0.10±0.05 mg, Magnesium: 0.001±0.001 mg, Zinc: 0.003±0.002 mg]"
D065,"[D065] Pumpkin, green, cylindrical (Cucurbita maxima)","Macronutrients [Protein: 0.87g, Fat: 0.47g, Carbs: 4.22g] | Water-Soluble Vitamins [Folate (B9): 31.60 mcg, Vitamin C: 7.29 mg, B1: 1 mg, B2: 0.03 mg] | Water-Soluble Vitamins [Folate (B9): 0.87 mcg, Vitamin C: 80.80 mg, B1: 1 mg, B2: 1.07 mg] | Minerals [Calcium: 0.09 mg, Iron: 24.10 mg, Magnesium: 0.004 mg, Zinc: 0.04 mg]"
D066,"[D066] Pumpkin, orange, round (Cucurbita maxima)","Macronutrients [Protein: 0.84±0.21g, Fat: 0.58±0.09g, Carbs: 4.00±0.64g] | Water-Soluble Vitamins [Folate (B9): 24.14±3.70 mcg, Vitamin C: 8.04±0.87 mg, B1: 6 mg, B2: 0.03±0.005 mg] | Water-Soluble Vitamins [Folate (B9): 0.60±0.13 mcg, Vitamin C: 83.70±1.92 mg, B1: 6 mg, B2: 1.40±0.14 mg] | Minerals [Calcium: 0.11±0.05 mg, Iron: 23.06±4.30 mg, Magnesium: 0.002±0.001 mg, Zinc: 0.06±0.01 mg] | Minerals [Calcium: 10.43±2.35 mg, Iron: 0.07±0.02 mg, Magnesium: 22.18±7.47 mg, Zinc: 253±39.2 mg]"
D067,"[D067] Red gram, tender, fresh (Cajanus cajan)","Macronutrients [Protein: 8.09g, Fat: 1.64g, Carbs: 19.46g] | Water-Soluble Vitamins [Folate (B9): 94.21 mcg, Vitamin C: 15.13 mg, B1: 1 mg, B2: 0.23 mg] | Water-Soluble Vitamins [Folate (B9): 0.94 mcg, Vitamin C: 14.90 mg, B1: 1 mg, B2: 28.96 mg] | Minerals [Calcium: 0.11 mg, Iron: 0.002 mg, Magnesium: 58.58 mg, Zinc: 0.001 mg] | Minerals [Calcium: 56.95 mg, Iron: 0.53 mg, Magnesium: 0.05 mg, Zinc: 0.149 mg]"
D068,[D068] Ridge gourd (Luffa acutangula),"Macronutrients [Protein: 0.91±0.08g, Fat: 0.44±0.04g, Carbs: 1.72±0.46g] | Water-Soluble Vitamins [Folate (B9): 29.26±3.12 mcg, Vitamin C: 5.42±1.06 mg, B1: 6 mg, B2: 0.02±0.003 mg] | Water-Soluble Vitamins [Folate (B9): 0.02±0.00 mcg, Vitamin C: 11.23±0.31 mg, B1: 6 mg, B2: 0.37±0.03 mg] | Minerals [Calcium: 0.07±0.03 mg, Iron: 13.70±1.38 mg, Magnesium: 0.003±0.000 mg, Zinc: 0.001±0.000 mg] | Minerals [Calcium: 16.15±2.57 mg, Iron: 0.11±0.04 mg, Magnesium: 0.003±0.001 mg, Zinc: 0.012±0.005 mg]"
D069,"[D069] Ridge gourd, smooth skin (Luffa acutangula)","Macronutrients [Protein: 0.98±0.13g, Fat: 0.53±0.06g, Carbs: 2.24±0.41g] | Water-Soluble Vitamins [Folate (B9): 27.36±2.98 mcg, Vitamin C: 8.10±2.67 mg, B1: 3 mg, B2: 0.02±0.004 mg] | Water-Soluble Vitamins [Folate (B9): 0.02±0.01 mcg, Vitamin C: 11.57±0.15 mg, B1: 3 mg, B2: 0.34±0.04 mg] | Minerals [Calcium: 0.10±0.07 mg, Iron: 14.96±2.15 mg, Magnesium: 0.003±0.001 mg, Zinc: 0.001±0.001 mg] | Minerals [Calcium: 17.66±2.71 mg, Iron: 0.15±0.02 mg, Magnesium: 0.003±0.001 mg, Zinc: 0.014±0.002 mg]"
D070,"[D070] Snake gourd,","Macronutrients [Protein: 0.98±0.33g, Fat: 0.42±0.04g, Carbs: 1.27±0.15g] | Water-Soluble Vitamins [Folate (B9): 18.34±1.87 mcg, Vitamin C: 2.72±1.15 mg, B1: 6 mg, B2: 0.03±0.003 mg] | Water-Soluble Vitamins [Folate (B9): 0.01±0.00 mcg, Vitamin C: 8.35±0.28 mg, B1: 6 mg, B2: 2.67±0.31 mg] | Minerals [Calcium: 0.06±0.03 mg, Iron: 24.60±4.77 mg, Magnesium: 0.002±0.002 mg, Zinc: 0.001±0.001 mg] | Minerals [Calcium: 18.70±5.79 mg, Iron: 0.14±0.06 mg, Magnesium: 0.002±0.001 mg, Zinc: 0.012±0.005 mg]"
D071,"[D071] Snake gourd,","Macronutrients [Protein: 0.89g, Fat: 0.45g, Carbs: 1.23g] | Water-Soluble Vitamins [Folate (B9): 16.52 mcg, Vitamin C: 2.85 mg, B1: 2 mg, B2: 0.03 mg] | Water-Soluble Vitamins [Folate (B9): 0.01 mcg, Vitamin C: 8.40 mg, B1: 2 mg, B2: 3.08 mg] | Minerals [Calcium: 0.05 mg, Iron: 27.11 mg, Magnesium: 0.002 mg, Zinc: 0.001 mg] | Minerals [Calcium: 21.70 mg, Iron: 0.19 mg, Magnesium: 0.001 mg, Zinc: 0.017 mg]"
D072,"[D072] Snake gourd, short (Trichosanthes anguina)","Macronutrients [Protein: 0.54g, Fat: 0.41g, Carbs: 2.15g] | Water-Soluble Vitamins [Folate (B9): 17.74 mcg, Vitamin C: 2.30 mg, B1: 1 mg, B2: 0.03 mg] | Water-Soluble Vitamins [Folate (B9): 0.01 mcg, Vitamin C: 8.30 mg, B1: 1 mg, B2: 3.12 mg] | Minerals [Calcium: 0.05 mg, Iron: 17.90 mg, Magnesium: 0.001 mg, Zinc: 0.05 mg] | Minerals [Calcium: 15.07 mg, Iron: 0.11 mg, Magnesium: 0.002 mg, Zinc: 0.007 mg]"
D073,"[D073] Tinda, tender (Praecitrullus fistulosus)","Macronutrients [Protein: 1.02±0.04g, Fat: 0.51±0.03g, Carbs: 1.90±0.37g] | Water-Soluble Vitamins [Folate (B9): 43.23±5.74 mcg, Vitamin C: 14.20±0.88 mg, B1: 6 mg, B2: 0.02±0.000 mg] | Water-Soluble Vitamins [Folate (B9): 0.05±0.03 mcg, Vitamin C: 2.73±0.77 mg, B1: 6 mg, B2: 2.76±0.09 mg] | Minerals [Calcium: 0.15±0.03 mg, Iron: 19.68±3.27 mg, Magnesium: 0.004±0.001 mg, Zinc: 0.001±0.000 mg] | Minerals [Calcium: 18.96±4.68 mg, Iron: 0.10±0.01 mg, Magnesium: 0.001±0.000 mg, Zinc: 0.012±0.002 mg]"
D074,"[D074] Tomato, green (Solanum lycopersicum)","Macronutrients [Protein: 1.12±0.08g, Fat: 0.60±0.03g, Carbs: 3.18±0.40g] | Water-Soluble Vitamins [Folate (B9): 12.51±4.01 mcg, Vitamin C: 16.41±2.52 mg, B1: 6 mg, B2: 0.08±0.043 mg] | Water-Soluble Vitamins [Folate (B9): 0.39±0.27 mcg, Vitamin C: 16.10±1.51 mg, B1: 6 mg, B2: 1.10±0.22 mg] | Minerals [Calcium: 0.18±0.07 mg, Iron: 0.001±0.000 mg, Magnesium: 8.49±1.56 mg, Zinc: 0.028±0.013 mg] | Minerals [Calcium: 13.57±2.84 mg, Iron: 0.12±0.04 mg, Magnesium: 0.005±0.002 mg, Zinc: 0.007±0.005 mg]"
D075,"[D075] Tomato, ripe, hybrid ((Solanum lycopersicum)","Macronutrients [Protein: 0.76±0.03g, Fat: 0.43±0.05g, Carbs: 3.20±0.30g] | Water-Soluble Vitamins [Folate (B9): 15.41±2.70 mcg, Vitamin C: 25.27±3.52 mg, B1: 6 mg, B2: 0.04±0.004 mg] | Water-Soluble Vitamins [Folate (B9): 0.22±0.03 mcg, Vitamin C: 24.12±2.96 mg, B1: 6 mg, B2: 11.83±1.41 mg] | Minerals [Calcium: 0.05±0.02 mg, Iron: 8.90±1.04 mg, Magnesium: 0.003±0.001 mg, Zinc: 0.001±0.000 mg] | Minerals [Calcium: 11.86±2.87 mg, Iron: 0.09±0.02 mg, Magnesium: 0.008±0.012 mg, Zinc: 0.003±0.002 mg]"
D076,"[D076] Tomato, ripe, local (Lycopersicon esculentum)","Macronutrients [Protein: 0.90±0.07g, Fat: 0.52±0.08g, Carbs: 2.71±0.08g] | Water-Soluble Vitamins [Folate (B9): 19.46±2.99 mcg, Vitamin C: 27.47±1.77 mg, B1: 6 mg, B2: 0.03±0.004 mg] | Water-Soluble Vitamins [Folate (B9): 0.27±0.02 mcg, Vitamin C: 17.18±1.73 mg, B1: 6 mg, B2: 12.24±1.05 mg] | Minerals [Calcium: 0.04±0.02 mg, Iron: 10.17±1.84 mg, Magnesium: 0.005±0.004 mg, Zinc: 0.06±0.01 mg] | Minerals [Calcium: 13.65±2.13 mg, Iron: 0.09±0.01 mg, Magnesium: 18.77±3.79 mg, Zinc: 204±34.1 mg]"
D077,"[D077] Zucchini, green (Cucurbita pepo)","Macronutrients [Protein: 1.10g, Fat: 0.93g, Carbs: 2.33g] | Water-Soluble Vitamins [Folate (B9): 18.85 mcg, Vitamin C: 15.78 mg, B1: 2 mg, B2: 0.05 mg] | Water-Soluble Vitamins [Folate (B9): 3.90 mcg, Vitamin C: 41.05 mg, B1: 2 mg, B2: 0.40 mg] | Minerals [Calcium: 17.26 mg, Iron: 0.002 mg, Magnesium: 0.07 mg, Zinc: 0.52 mg] | Minerals [Calcium: 15.41 mg, Iron: 0.13 mg, Magnesium: 21.38 mg, Zinc: 178 mg]"
D078,"[D078] Zucchini, yellow (Cucurbita pepo)","Macronutrients [Protein: 1.31g, Fat: 1.08g, Carbs: 2.20g] | Water-Soluble Vitamins [Folate (B9): 21.50 mcg, Vitamin C: 16.71 mg, B1: 2 mg, B2: 0.03 mg] | Water-Soluble Vitamins [Folate (B9): 1.48 mcg, Vitamin C: 53.28 mg, B1: 2 mg, B2: 0.38 mg] | Minerals [Calcium: 20.98 mg, Iron: 0.003 mg, Magnesium: 0.11 mg, Zinc: 0.34 mg] | Minerals [Calcium: 10.82 mg, Iron: 0.21 mg, Magnesium: 32.03 mg, Zinc: 131 mg]"
E001,"[E001] Apple, big (Malus domestica)","Macronutrients [Protein: 0.29±0.08g, Fat: 0.36±0.04g, Carbs: 13.11±0.76g] | Water-Soluble Vitamins [Folate (B9): 3.04±0.94 mcg, Vitamin C: 3.57±0.58 mg, B1: 6 mg, B2: 0.03±0.017 mg] | Water-Soluble Vitamins [Folate (B9): 0.15±0.04 mcg, Vitamin C: 3.65±0.47 mg, B1: 6 mg, B2: 1.46±0.51 mg] | Minerals [Calcium: 0.23±0.12 mg, Iron: 0.96±0.37 mg, Magnesium: 0.040±0.014 mg, Zinc: 13.68±3.20 mg] | Minerals [Calcium: 8.09±0.81 mg, Iron: 0.05±0.02 mg, Magnesium: 0.01±0.00 mg, Zinc: 0.839±0.447 mg]"
E002,"[E002] Apple, green (Malus domestica)","Macronutrients [Protein: 0.46±0.07g, Fat: 0.31±0.04g, Carbs: 10.65±1.00g] | Water-Soluble Vitamins [Folate (B9): 3.43±0.68 mcg, Vitamin C: 2.90±0.32 mg, B1: 6 mg, B2: 0.01±0.023 mg] | Water-Soluble Vitamins [Folate (B9): 0.10±0.04 mcg, Vitamin C: 2.13±0.09 mg, B1: 6 mg, B2: 2.45±0.40 mg] | Minerals [Calcium: 6.53±2.48 mg, Iron: 0.002±0.001 mg, Magnesium: 0.33±0.04 mg, Zinc: 0.20±0.04 mg] | Minerals [Calcium: 5.42±0.11 mg, Iron: 0.02±0.00 mg, Magnesium: 7.48±0.11 mg, Zinc: 94.55±2.07 mg]"
E003,"[E003] Apple, small (Malus domestica)","Macronutrients [Protein: 0.31±0.05g, Fat: 0.24±0.02g, Carbs: 13.95±0.48g] | Water-Soluble Vitamins [Folate (B9): 3.52±0.37 mcg, Vitamin C: 4.00±0.72 mg, B1: 6 mg, B2: 0.01±0.001 mg] | Water-Soluble Vitamins [Folate (B9): 0.07±0.01 mcg, Vitamin C: 2.18±0.40 mg, B1: 6 mg, B2: 1.86±0.19 mg] | Minerals [Calcium: 0.08±0.03 mg, Iron: 0.19±0.21 mg, Magnesium: 5.39±0.82 mg, Zinc: 0.005±0.002 mg] | Minerals [Calcium: 5.48±0.56 mg, Iron: 0.04±0.01 mg, Magnesium: 0.003±0.002 mg, Zinc: 0.002±0.001 mg]"
E004,"[E004] Apple, small, Kashmir (Malus domestica)","Macronutrients [Protein: 0.27g, Fat: 0.29g, Carbs: 13.99g] | Water-Soluble Vitamins [Folate (B9): 3.97 mcg, Vitamin C: 4.24 mg, B1: 1 mg, B2: 0.01 mg] | Water-Soluble Vitamins [Folate (B9): 0.05 mcg, Vitamin C: 2.55 mg, B1: 1 mg, B2: 2.04 mg] | Minerals [Calcium: 0.11 mg, Iron: 4.72 mg, Magnesium: 0.007 mg, Zinc: 0.06 mg] | Minerals [Calcium: 5.19 mg, Iron: 0.05 mg, Magnesium: 0.002 mg, Zinc: 0.002 mg]"
E005,"[E005] Apricot, dried (Prunus armeniaca)","Macronutrients [Protein: 3.17±0.29g, Fat: 3.46±0.14g, Carbs: 72.63±0.27g] | Water-Soluble Vitamins [Folate (B9): 10.50±1.59 mcg, Vitamin C: 0.42±0.14 mg, B1: 6 mg, B2: 0.04±0.011 mg] | Water-Soluble Vitamins [Folate (B9): 0.11±0.01 mcg, Vitamin C: 5.17±1.17 mg, B1: 6 mg, B2: 3.98±0.06 mg] | Minerals [Calcium: 2.11±0.51 mg, Iron: 0.88±0.44 mg, Magnesium: 28.57±4.32 mg, Zinc: 0.016±0.008 mg] | Minerals [Calcium: 14.04±2.21 mg, Iron: 0.31±0.02 mg, Magnesium: 0.018±0.011 mg, Zinc: 0.055±0.016 mg]"
E006,"[E006] Apricot, processed (Prunus armeniaca)","Macronutrients [Protein: 1.47±0.15g, Fat: 0.61±0.16g, Carbs: 10.93±0.88g] | Water-Soluble Vitamins [Folate (B9): 5.42±0.98 mcg, Vitamin C: 7.98±1.75 mg, B1: 3 mg, B2: 0.25±0.011 mg] | Water-Soluble Vitamins [Folate (B9): 0.01±0.01 mcg, Vitamin C: 6.14±0.76 mg, B1: 3 mg, B2: 4.31±0.14 mg] | Minerals [Calcium: 0.80±0.18 mg, Iron: 0.26±0.03 mg, Magnesium: 5.42±0.41 mg, Zinc: 0.006±0.001 mg] | Minerals [Calcium: 4.29±0.21 mg, Iron: 0.06±0.02 mg, Magnesium: 0.008±0.000 mg, Zinc: 0.058±0.018 mg]"
E007,[E007] Avocado fruit (Persea sp.),"Macronutrients [Protein: 2.95g, Fat: 1.19g, Carbs: 1.75g] | Water-Soluble Vitamins [Folate (B9): 67.17 mcg, Vitamin C: 9.36 mg, B1: 1 mg, B2: 0.07 mg] | Water-Soluble Vitamins [Folate (B9): 0.02 mcg, Vitamin C: 38.74 mg, B1: 1 mg, B2: 2.10 mg] | Minerals [Calcium: 28.48 mg, Iron: 0.002 mg, Magnesium: 0.39 mg, Zinc: 0.81 mg] | Minerals [Calcium: 48.14 mg, Iron: 0.74 mg, Magnesium: 63.14 mg, Zinc: 377 mg]"
E008,[E008] Bael fruit (Aegle marmelos),"Macronutrients [Protein: 2.63g, Fat: 0.91g, Carbs: 28.21g] | Water-Soluble Vitamins [Folate (B9): 55.22 mcg, Vitamin C: 7.50 mg, B1: 1 mg, B2: 0.03 mg] | Water-Soluble Vitamins [Folate (B9): 0.60 mcg, Vitamin C: 4.50 mg, B1: 1 mg, B2: 1.60 mg] | Minerals [Calcium: 0.11 mg, Iron: 0.65 mg, Magnesium: 0.027 mg, Zinc: 47.95 mg] | Minerals [Calcium: 34.10 mg, Iron: 0.10 mg, Magnesium: 0.07 mg, Zinc: 0.819 mg]"
E009,"[E009] Banana, ripe, montham (Musa x paradisiaca)","Macronutrients [Protein: 1.25g, Fat: 1.15g, Carbs: 24.95g] | Water-Soluble Vitamins [Folate (B9): 17.93 mcg, Vitamin C: 8.06 mg, B1: 1 mg, B2: 0.01 mg] | Water-Soluble Vitamins [Folate (B9): 0.09 mcg, Vitamin C: 2.20 mg, B1: 1 mg, B2: 0.20 mg] | Minerals [Calcium: 6.77 mg, Iron: 0.017 mg, Magnesium: 0.12 mg, Zinc: 0.40 mg] | Minerals [Calcium: 30.22 mg, Iron: 0.36 mg, Magnesium: 0.013 mg, Zinc: 20.85 mg]"
E010,"[E010] Banana, ripe, poovam (Musa x paradisiaca)","Macronutrients [Protein: 1.49g, Fat: 1.09g, Carbs: 23.41g] | Water-Soluble Vitamins [Folate (B9): 19.95 mcg, Vitamin C: 6.74 mg, B1: 2 mg, B2: 0.01 mg] | Water-Soluble Vitamins [Folate (B9): 0.08 mcg, Vitamin C: 2.60 mg, B1: 2 mg, B2: 0.24 mg] | Minerals [Calcium: 8.73 mg, Iron: 0.010 mg, Magnesium: 0.10 mg, Zinc: 0.35 mg] | Minerals [Calcium: 43.79 mg, Iron: 0.30 mg, Magnesium: 0.002 mg, Zinc: 0.010 mg]"
E011,"[E011] Banana, ripe, red (Musa x paradisiaca)","Macronutrients [Protein: 1.29g, Fat: 0.95g, Carbs: 25.21g] | Water-Soluble Vitamins [Folate (B9): 18.92 mcg, Vitamin C: 6.74 mg, B1: 1 mg, B2: 0.01 mg] | Water-Soluble Vitamins [Folate (B9): 0.09 mcg, Vitamin C: 1.90 mg, B1: 1 mg, B2: 0.21 mg] | Minerals [Calcium: 9.56 mg, Iron: 0.008 mg, Magnesium: 0.06 mg, Zinc: 0.24 mg] | Minerals [Calcium: 31.44 mg, Iron: 0.19 mg, Magnesium: 0.006 mg, Zinc: 23.27 mg]"
E012,"[E012] Banana, ripe, robusta (Musa x paradisiaca)","Macronutrients [Protein: 1.23±0.08g, Fat: 0.94±0.17g, Carbs: 23.63±0.74g] | Water-Soluble Vitamins [Folate (B9): 16.81±1.95 mcg, Vitamin C: 4.76±1.34 mg, B1: 6 mg, B2: 0.01±0.000 mg] | Water-Soluble Vitamins [Folate (B9): 0.09±0.01 mcg, Vitamin C: 2.80±1.11 mg, B1: 6 mg, B2: 0.22±0.03 mg] | Minerals [Calcium: 5.07±0.94 mg, Iron: 0.007±0.005 mg, Magnesium: 0.13±0.05 mg, Zinc: 0.28±0.05 mg] | Minerals [Calcium: 34.98±7.77 mg, Iron: 0.36±0.15 mg, Magnesium: 0.001±0.001 mg, Zinc: 0.008±0.005 mg]"
E013,[E013] Black berry (Rubus sp.),"Macronutrients [Protein: 0.92±0.10g, Fat: 0.52±0.04g, Carbs: 10.64±0.35g] | Water-Soluble Vitamins [Folate (B9): 22.95±1.38 mcg, Vitamin C: 19.45±1.54 mg, B1: 5 mg, B2: 0.01±0.002 mg] | Water-Soluble Vitamins [Folate (B9): 0.52±0.04 mcg, Vitamin C: 1.82±0.04 mg, B1: 5 mg, B2: 14.65±0.40 mg] | Minerals [Calcium: 23.81±2.70 mg, Iron: 0.05±0.01 mg, Magnesium: 0.63±0.21 mg, Zinc: 0.002±0.000 mg] | Minerals [Calcium: 30.90±4.17 mg, Iron: 0.47±0.01 mg, Magnesium: 0.027±0.004 mg, Zinc: 20.08±4.50 mg]"
E014,"[E014] Cherries, red (Prunus cerasus)","Macronutrients [Protein: 1.49±0.22g, Fat: 0.45±0.02g, Carbs: 11.87±0.31g] | Water-Soluble Vitamins [Folate (B9): 4.92±1.30 mcg, Vitamin C: 8.82±0.57 mg, B1: 4 mg, B2: 0.07±0.006 mg] | Water-Soluble Vitamins [Folate (B9): 0.06±0.04 mcg, Vitamin C: 5.56±1.10 mg, B1: 4 mg, B2: 4.30±0.44 mg] | Minerals [Calcium: 0.37±0.05 mg, Iron: 23.88±5.01 mg, Magnesium: 0.010±0.003 mg, Zinc: 0.07±0.02 mg] | Minerals [Calcium: 14.37±4.80 mg, Iron: 0.15±0.08 mg, Magnesium: 0.002±0.001 mg, Zinc: 25.31±8.43 mg]"
E015,"[E015] Currants, black (Ribes nigrum)","Macronutrients [Protein: 1.51g, Fat: 0.69g, Carbs: 9.93g] | Water-Soluble Vitamins [Folate (B9): 8.48 mcg, Vitamin C: 182 mg, B1: 1 mg, B2: 0.03 mg] | Water-Soluble Vitamins [Folate (B9): 0.45 mcg, Vitamin C: 27.52 mg, B1: 1 mg, B2: 3.01 mg] | Minerals [Calcium: 0.50 mg, Iron: 0.001 mg, Magnesium: 40.32 mg, Zinc: 0.031 mg] | Minerals [Calcium: 16.66 mg, Iron: 0.11 mg, Magnesium: 0.005 mg, Zinc: 78.80 mg]"
E016,[E016] Custard apple (Annona squamosa),"Macronutrients [Protein: 1.62g, Fat: 0.68g, Carbs: 20.38g] | Water-Soluble Vitamins [Folate (B9): 7.60 mcg, Vitamin C: 21.51 mg, B1: 1 mg, B2: 0.13 mg] | Water-Soluble Vitamins [Folate (B9): 0.19 mcg, Vitamin C: 58.00 mg, B1: 1 mg, B2: 0.18 mg] | Minerals [Calcium: 28.20 mg, Iron: 0.003 mg, Magnesium: 0.19 mg, Zinc: 0.42 mg] | Minerals [Calcium: 38.47 mg, Iron: 0.15 mg, Magnesium: 40.81 mg, Zinc: 278 mg]"
E017,"[E017] Dates, dry, pale brown (Phoenix dactylifera)","Macronutrients [Protein: 2.45±0.24g, Fat: 2.20±0.07g, Carbs: 74.91±0.52g] | Water-Soluble Vitamins [Folate (B9): 18.65±1.39 mcg, Vitamin C: 4.42±0.54 mg, B1: 6 mg, B2: 0.03±0.012 mg] | Water-Soluble Vitamins [Folate (B9): 0.03±0.00 mcg, Vitamin C: 3.34±0.26 mg, B1: 6 mg, B2: 2.60±0.23 mg] | Minerals [Calcium: 2.47±0.62 mg, Iron: 71.20±4.51 mg, Magnesium: 0.022±0.008 mg, Zinc: 0.001±0.000 mg] | Minerals [Calcium: 73.79±6.51 mg, Iron: 0.82±0.10 mg, Magnesium: 0.005±0.003 mg, Zinc: 0.030±0.009 mg]"
E018,"[E018] Dates, dry, dark brown (Phoenix dactylifera)","Macronutrients [Protein: 2.38g, Fat: 2.39g, Carbs: 72.67g] | Water-Soluble Vitamins [Folate (B9): 12.80 mcg, Vitamin C: 3.84 mg, B1: 2 mg, B2: 0.02 mg] | Water-Soluble Vitamins [Folate (B9): 0.03 mcg, Vitamin C: 4.53 mg, B1: 2 mg, B2: 0.68 mg] | Minerals [Calcium: 2.43 mg, Iron: 66.13 mg, Magnesium: 0.017 mg, Zinc: 0.001 mg] | Minerals [Calcium: 75.23 mg, Iron: 0.84 mg, Magnesium: 0.004 mg, Zinc: 0.022 mg]"
E019,"[E019] Dates, processed (Phoenix dactylifera)","Macronutrients [Protein: 1.18g, Fat: 1.93g, Carbs: 67.95g] | Water-Soluble Vitamins [Folate (B9): 24.53 mcg, Vitamin C: 15.51 mg, B1: 2 mg, B2: 0.05 mg] | Water-Soluble Vitamins [Folate (B9): 0.03 mcg, Vitamin C: 4.93 mg, B1: 2 mg, B2: 0.83 mg] | Minerals [Calcium: 2.43 mg, Iron: 15.73 mg, Magnesium: 0.015 mg, Zinc: 0.001 mg] | Minerals [Calcium: 14.34 mg, Iron: 0.44 mg, Magnesium: 0.003 mg, Zinc: 0.035 mg]"
E020,[E020] Fig (Ficus carica),"Macronutrients [Protein: 2.03±0.22g, Fat: 1.08±0.18g, Carbs: 16.28±1.13g] | Water-Soluble Vitamins [Folate (B9): 13.67±3.81 mcg, Vitamin C: 16.92±4.26 mg, B1: 6 mg, B2: 0.04±0.020 mg] | Water-Soluble Vitamins [Folate (B9): 0.54±0.17 mcg, Vitamin C: 5.75±1.51 mg, B1: 6 mg, B2: 1.47±0.15 mg] | Minerals [Calcium: 0.71±0.24 mg, Iron: 78.52±16.48 mg, Magnesium: 0.017±0.004 mg, Zinc: 0.19±0.02 mg] | Minerals [Calcium: 26.18±2.34 mg, Iron: 0.07±0.01 mg, Magnesium: 0.013±0.003 mg, Zinc: 21.62±1.97 mg]"
E021,[E021] Gooseberry (Emblica officinalis),"Macronutrients [Protein: 0.34±0.03g, Fat: 0.34±0.05g, Carbs: 4.39±1.09g] | Water-Soluble Vitamins [Folate (B9): 7.86±1.27 mcg, Vitamin C: 252±30.4 mg, B1: 5 mg, B2: 0.01±0.009 mg] | Water-Soluble Vitamins [Folate (B9): 0.12±0.02 mcg, Vitamin C: 1.64±0.31 mg, B1: 5 mg, B2: 0.27±0.02 mg] | Minerals [Calcium: 0.08±0.02 mg, Iron: 20.14±2.51 mg, Magnesium: 0.007±0.003 mg, Zinc: 0.12±0.08 mg] | Minerals [Calcium: 6.50±0.93 mg, Iron: 0.11±0.02 mg, Magnesium: 0.001±0.000 mg, Zinc: 0.010±0.003 mg]"
E022,"[E022] Grapes, seeded, round, black (Vitis vinifera)","Macronutrients [Protein: 0.76±0.13g, Fat: 0.46±0.04g, Carbs: 13.23±0.60g] | Water-Soluble Vitamins [Folate (B9): 8.69±1.60 mcg, Vitamin C: 18.30±2.32 mg, B1: 4 mg, B2: 0.03±0.009 mg] | Water-Soluble Vitamins [Folate (B9): 0.05±0.02 mcg, Vitamin C: 3.65±0.40 mg, B1: 4 mg, B2: 6.19±0.19 mg] | Minerals [Calcium: 10.57±2.03 mg, Iron: 0.008±0.007 mg, Magnesium: 0.06±0.01 mg, Zinc: 0.22±0.04 mg] | Minerals [Calcium: 7.47±0.92 mg, Iron: 0.08±0.03 mg, Magnesium: 0.003±0.002 mg, Zinc: 21.04±3.63 mg]"
E023,"[E023] Grapes, seeded, round, green (Vitis vinifera)","Macronutrients [Protein: 0.77±0.12g, Fat: 0.43±0.05g, Carbs: 12.19±0.20g] | Water-Soluble Vitamins [Folate (B9): 8.35±0.75 mcg, Vitamin C: 17.10±5.63 mg, B1: 5 mg, B2: 0.03±0.005 mg] | Water-Soluble Vitamins [Folate (B9): 0.07±0.02 mcg, Vitamin C: 7.26±0.43 mg, B1: 5 mg, B2: 3.59±0.15 mg] | Minerals [Calcium: 11.16±2.02 mg, Iron: 0.003±0.000 mg, Magnesium: 0.07±0.01 mg, Zinc: 0.24±0.10 mg] | Minerals [Calcium: 6.87±1.10 mg, Iron: 0.07±0.01 mg, Magnesium: 0.002±0.001 mg, Zinc: 19.50±3.45 mg]"
E024,"[E024] Grapes, seeded, round, red (Vitis vinifera)","Macronutrients [Protein: 0.95±0.11g, Fat: 0.48±0.07g, Carbs: 12.55±1.38g] | Water-Soluble Vitamins [Folate (B9): 7.49±1.15 mcg, Vitamin C: 20.59±3.45 mg, B1: 5 mg, B2: 0.04±0.027 mg] | Water-Soluble Vitamins [Folate (B9): 0.07±0.02 mcg, Vitamin C: 5.20±0.59 mg, B1: 5 mg, B2: 6.87±0.22 mg] | Minerals [Calcium: 11.27±3.54 mg, Iron: 0.003±0.002 mg, Magnesium: 0.05±0.01 mg, Zinc: 0.33±0.04 mg] | Minerals [Calcium: 7.06±0.84 mg, Iron: 0.11±0.01 mg, Magnesium: 0.003±0.002 mg, Zinc: 27.91±4.51 mg]"
E025,"[E025] Grapes, seedless, oval, black (Vitis vinifera)","Macronutrients [Protein: 1.41±0.26g, Fat: 0.70±0.13g, Carbs: 20.48±0.97g] | Water-Soluble Vitamins [Folate (B9): 7.22±1.23 mcg, Vitamin C: 27.32±5.18 mg, B1: 5 mg, B2: 0.03±0.021 mg] | Water-Soluble Vitamins [Folate (B9): 0.05±0.03 mcg, Vitamin C: 3.40±0.66 mg, B1: 5 mg, B2: 6.42±0.33 mg] | Minerals [Calcium: 0.001±0.000 mg, Iron: 15.26±3.03 mg, Magnesium: 0.004±0.001 mg, Zinc: 0.001±0.000 mg] | Minerals [Calcium: 11.29±1.79 mg, Iron: 0.15±0.02 mg, Magnesium: 0.007±0.003 mg, Zinc: 0.043±0.013 mg]"
E026,"[E026] Grapes, seedless, round, green (Vitis vinifera)","Macronutrients [Protein: 0.62±0.13g, Fat: 0.47±0.08g, Carbs: 11.81±1.52g] | Water-Soluble Vitamins [Folate (B9): 8.31±1.46 mcg, Vitamin C: 16.47±2.06 mg, B1: 5 mg, B2: 0.04±0.023 mg] | Water-Soluble Vitamins [Folate (B9): 0.08±0.01 mcg, Vitamin C: 7.15±0.76 mg, B1: 5 mg, B2: 3.54±0.25 mg] | Minerals [Calcium: 14.22±2.14 mg, Iron: 0.003±0.001 mg, Magnesium: 0.23±0.33 mg, Zinc: 0.24±0.02 mg] | Minerals [Calcium: 8.43±1.73 mg, Iron: 0.07±0.02 mg, Magnesium: 0.002±0.000 mg, Zinc: 20.27±1.20 mg]"
E027,"[E027] Grapes, seedless, round, black (Vitis vinifera)","Macronutrients [Protein: 1.24±0.25g, Fat: 0.49±0.05g, Carbs: 19.86±1.58g] | Water-Soluble Vitamins [Folate (B9): 8.89±2.54 mcg, Vitamin C: 22.79±3.45 mg, B1: 5 mg, B2: 0.03±0.019 mg] | Water-Soluble Vitamins [Folate (B9): 0.06±0.02 mcg, Vitamin C: 3.00±1.16 mg, B1: 5 mg, B2: 6.23±0.45 mg] | Minerals [Calcium: 0.001±0.000 mg, Iron: 18.75±5.41 mg, Magnesium: 0.004±0.002 mg, Zinc: 0.05±0.01 mg] | Minerals [Calcium: 10.80±1.71 mg, Iron: 0.15±0.02 mg, Magnesium: 0.003±0.002 mg, Zinc: 0.005±0.002 mg]"
E028,"[E028] Guava, white flesh (Psidium guajava)","Macronutrients [Protein: 1.44±0.09g, Fat: 0.72±0.05g, Carbs: 5.13±0.33g] | Water-Soluble Vitamins [Folate (B9): 29.76±0.66 mcg, Vitamin C: 214±13.6 mg, B1: 5 mg, B2: 0.05±0.006 mg] | Water-Soluble Vitamins [Folate (B9): 0.09±0.01 mcg, Vitamin C: 3.68±0.38 mg, B1: 5 mg, B2: 1.68±0.23 mg] | Minerals [Calcium: 18.52±2.10 mg, Iron: 0.004±0.002 mg, Magnesium: 0.003±0.002 mg, Zinc: 0.16±0.04 mg] | Minerals [Calcium: 15.26±2.22 mg, Iron: 0.22±0.07 mg, Magnesium: 0.009±0.002 mg, Zinc: 23.54±3.12 mg]"
E029,"[E029] Guava, pink flesh (Psidium guajava)","Macronutrients [Protein: 1.19±0.19g, Fat: 0.81±0.06g, Carbs: 9.14±0.27g] | Water-Soluble Vitamins [Folate (B9): 32.17±2.69 mcg, Vitamin C: 222±27.0 mg, B1: 5 mg, B2: 0.03±0.010 mg] | Water-Soluble Vitamins [Folate (B9): 0.11±0.01 mcg, Vitamin C: 5.35±0.61 mg, B1: 5 mg, B2: 0.93±0.06 mg] | Minerals [Calcium: 14.22±2.92 mg, Iron: 0.009±0.003 mg, Magnesium: 0.003±0.001 mg, Zinc: 0.17±0.02 mg] | Minerals [Calcium: 13.26±1.32 mg, Iron: 0.16±0.03 mg, Magnesium: 0.003±0.002 mg, Zinc: 0.014±0.003 mg]"
E030,"[E030] Jack fruit, ripe (Artocarpus heterophyllus)","Macronutrients [Protein: 2.74±0.47g, Fat: 0.91±0.08g, Carbs: 14.01±0.56g] | Water-Soluble Vitamins [Folate (B9): 32.15±2.27 mcg, Vitamin C: 6.73±1.59 mg, B1: 5 mg, B2: 0.05±0.004 mg] | Water-Soluble Vitamins [Folate (B9): 0.07±0.01 mcg, Vitamin C: 37.00±3.73 mg, B1: 5 mg, B2: 7.49±0.25 mg] | Minerals [Calcium: 35.03±4.50 mg, Iron: 0.005±0.002 mg, Magnesium: 0.19±0.09 mg, Zinc: 0.36±0.16 mg] | Minerals [Calcium: 31.84±5.19 mg, Iron: 0.35±0.17 mg, Magnesium: 0.005±0.003 mg, Zinc: 23.02±9.21 mg]"
E031,"[E031] Jambu fruit, ripe (Syzygium samarangense)","Macronutrients [Protein: 0.82g, Fat: 0.31g, Carbs: 12.30g] | Water-Soluble Vitamins [Folate (B9): 7.63 mcg, Vitamin C: 16.47 mg, B1: 2 mg, B2: 0.02 mg] | Water-Soluble Vitamins [Folate (B9): 0.04 mcg, Vitamin C: 7.94 mg, B1: 2 mg, B2: 0.82 mg] | Minerals [Calcium: 0.45 mg, Iron: 25.36 mg, Magnesium: 0.015 mg, Zinc: 0.02 mg] | Minerals [Calcium: 27.97 mg, Iron: 0.04 mg, Magnesium: 0.016 mg, Zinc: 9.60 mg]"
E032,[E032] Karonda fruit (Carissa carandas),"Macronutrients [Protein: 1.15g, Fat: 1.02g, Carbs: 2.87g] | Water-Soluble Vitamins [Folate (B9): 8.72 mcg, Vitamin C: 135 mg, B1: 1 mg, B2: 0.01 mg] | Water-Soluble Vitamins [Folate (B9): 0.04 mcg, Vitamin C: 2.50 mg, B1: 1 mg, B2: 1.43 mg] | Minerals [Calcium: 0.99 mg, Iron: 1.84 mg, Magnesium: 0.002 mg, Zinc: 10.81 mg] | Minerals [Calcium: 24.45 mg, Iron: 0.24 mg, Magnesium: 0.07 mg, Zinc: 0.006 mg]"
E033,"[E033] Lemon, juice (Citrus limon)","Macronutrients [Protein: 0.41±0.05g, Fat: 0.28±0.03g, Carbs: 6.97±0.56g] | Water-Soluble Vitamins [Folate (B9): 12.43±1.85 mcg, Vitamin C: 48.16±4.35 mg, B1: 6 mg, B2: 0.04±0.007 mg] | Water-Soluble Vitamins [Folate (B9): 0.06±0.01 mcg, Vitamin C: 1.80±0.63 mg, B1: 6 mg, B2: 0.39±0.04 mg] | Minerals [Calcium: 0.11±0.04 mg, Iron: 22.68±2.90 mg, Magnesium: 0.002±0.002 mg, Zinc: 0.03±0.01 mg] | Minerals [Calcium: 8.90±0.55 mg, Iron: 0.02±0.00 mg, Magnesium: 0.009±0.006 mg, Zinc: 0.001±0.000 mg]"
E034,"[E034] Lime, sweet,pulp (Citrus limetta)","Macronutrients [Protein: 0.76±0.09g, Fat: 0.47±0.03g, Carbs: 5.18±0.37g] | Water-Soluble Vitamins [Folate (B9): 15.38±4.15 mcg, Vitamin C: 46.96±7.64 mg, B1: 6 mg, B2: 0.06±0.005 mg] | Water-Soluble Vitamins [Folate (B9): 0.07±0.02 mcg, Vitamin C: 2.20±1.01 mg, B1: 6 mg, B2: 0.30±0.09 mg] | Minerals [Calcium: 25.79±5.02 mg, Iron: 0.017±0.007 mg, Magnesium: 0.03±0.00 mg, Zinc: 0.11±0.02 mg] | Minerals [Calcium: 15.40±1.42 mg, Iron: 0.04±0.01 mg, Magnesium: 0.001±0.001 mg, Zinc: 0.001±0.000 mg]"
E035,[E035] Litchi (Litchi chinensis),"Macronutrients [Protein: 0.99±0.09g, Fat: 0.44±0.06g, Carbs: 11.41±0.20g] | Water-Soluble Vitamins [Folate (B9): 15.69±5.09 mcg, Vitamin C: 33.82±5.24 mg, B1: 4 mg, B2: 0.02±0.003 mg] | Water-Soluble Vitamins [Folate (B9): 0.06±0.01 mcg, Vitamin C: 7.81±2.06 mg, B1: 4 mg, B2: 0.33±0.09 mg] | Minerals [Calcium: 0.54±0.07 mg, Iron: 0.21±0.11 mg, Magnesium: 5.77±0.80 mg, Zinc: 0.010±0.004 mg] | Minerals [Calcium: 14.58±1.67 mg, Iron: 0.04±0.01 mg, Magnesium: 0.007±0.002 mg, Zinc: 23.32±3.13 mg]"
E036,"[E036] Mango, ripe, banganapalli (Mangifera indica)","Macronutrients [Protein: 0.54±0.10g, Fat: 0.42±0.04g, Carbs: 8.18±0.49g] | Water-Soluble Vitamins [Folate (B9): 82.05±7.90 mcg, Vitamin C: 32.97±7.14 mg, B1: 6 mg, B2: 0.03±0.005 mg] | Water-Soluble Vitamins [Folate (B9): 0.28±0.06 mcg, Vitamin C: 4.77±0.20 mg, B1: 6 mg, B2: 3.71±0.21 mg] | Minerals [Calcium: 15.77±1.64 mg, Iron: 0.020±0.010 mg, Magnesium: 0.10±0.01 mg, Zinc: 0.51±0.17 mg] | Minerals [Calcium: 13.35±1.07 mg, Iron: 0.22±0.08 mg, Magnesium: 0.007±0.002 mg, Zinc: 11.07±2.00 mg]"
E037,"[E037] Mango, ripe, gulabkhas (Mangifera indica)","Macronutrients [Protein: 0.52g, Fat: 0.32g, Carbs: 10.32g] | Water-Soluble Vitamins [Folate (B9): 84.35 mcg, Vitamin C: 27.65 mg, B1: 2 mg, B2: 0.03 mg] | Water-Soluble Vitamins [Folate (B9): 0.20 mcg, Vitamin C: 4.80 mg, B1: 2 mg, B2: 3.91 mg] | Minerals [Calcium: 19.33 mg, Iron: 0.010 mg, Magnesium: 0.07 mg, Zinc: 0.38 mg] | Minerals [Calcium: 11.53 mg, Iron: 0.11 mg, Magnesium: 0.001 mg, Zinc: 10.66 mg]"
E038,"[E038] Mango, ripe, himsagar (Mangifera indica)","Macronutrients [Protein: 0.46±0.04g, Fat: 0.38±0.02g, Carbs: 9.03±0.26g] | Water-Soluble Vitamins [Folate (B9): 90.98±6.12 mcg, Vitamin C: 49.09±23.24 mg, B1: 3 mg, B2: 0.03±0.005 mg] | Water-Soluble Vitamins [Folate (B9): 0.31±0.09 mcg, Vitamin C: 4.40±0.26 mg, B1: 3 mg, B2: 3.73±0.11 mg] | Minerals [Calcium: 15.54±1.84 mg, Iron: 0.016±0.006 mg, Magnesium: 0.001±0.002 mg, Zinc: 0.08±0.01 mg] | Minerals [Calcium: 12.07±0.78 mg, Iron: 0.17±0.04 mg, Magnesium: 0.005±0.004 mg, Zinc: 12.25±4.15 mg]"
E039,"[E039] Mango, ripe, kesar (Mangifera indica)","Macronutrients [Protein: 0.54±0.05g, Fat: 0.44±0.07g, Carbs: 11.36±0.49g] | Water-Soluble Vitamins [Folate (B9): 90.43±8.24 mcg, Vitamin C: 29.08±4.61 mg, B1: 4 mg, B2: 0.03±0.007 mg] | Water-Soluble Vitamins [Folate (B9): 0.26±0.02 mcg, Vitamin C: 4.75±0.33 mg, B1: 4 mg, B2: 3.68±0.38 mg] | Minerals [Calcium: 15.74±0.89 mg, Iron: 0.028±0.019 mg, Magnesium: 0.07±0.01 mg, Zinc: 0.43±0.19 mg] | Minerals [Calcium: 12.53±1.19 mg, Iron: 0.22±0.07 mg, Magnesium: 0.004±0.002 mg, Zinc: 12.36±0.38 mg]"
E040,"[E040] Mango, ripe, neelam (Mangifera indica)","Macronutrients [Protein: 0.68g, Fat: 0.38g, Carbs: 8.21g] | Water-Soluble Vitamins [Folate (B9): 68.70 mcg, Vitamin C: 29.93 mg, B1: 2 mg, B2: 0.03 mg] | Water-Soluble Vitamins [Folate (B9): 0.29 mcg, Vitamin C: 5.00 mg, B1: 2 mg, B2: 3.72 mg] | Minerals [Calcium: 11.36 mg, Iron: 0.004 mg, Magnesium: 0.08 mg, Zinc: 0.36 mg] | Minerals [Calcium: 10.10 mg, Iron: 0.07 mg, Magnesium: 11.63 mg, Zinc: 137 mg]"
E041,"[E041] Mango, ripe, paheri (Mangifera indica)","Macronutrients [Protein: 0.68g, Fat: 0.42g, Carbs: 8.67g] | Water-Soluble Vitamins [Folate (B9): 65.28 mcg, Vitamin C: 30.75 mg, B1: 2 mg, B2: 0.03 mg] | Minerals [Calcium: 15.11 mg, Iron: 0.024 mg, Magnesium: 0.11 mg, Zinc: 0.51 mg] | Minerals [Calcium: 14.28 mg, Iron: 0.24 mg, Magnesium: 0.003 mg, Zinc: 15.18 mg]"
E042,"[E042] Mango, ripe, totapari (Mangifera indica)","Macronutrients [Protein: 0.41g, Fat: 0.47g, Carbs: 12.75g] | Water-Soluble Vitamins [Folate (B9): 77.69 mcg, Vitamin C: 25.26 mg, B1: 1 mg, B2: 0.02 mg] | Minerals [Calcium: 13.34 mg, Iron: 0.004 mg, Magnesium: 0.08 mg, Zinc: 0.28 mg] | Minerals [Calcium: 12.55 mg, Iron: 0.32 mg, Magnesium: 0.004 mg, Zinc: 9.87 mg]"
E043,[E043] Mangosteen (Garcinia mangostana),"Macronutrients [Protein: 0.63g, Fat: 0.33g, Carbs: 11.41g] | Water-Soluble Vitamins [Folate (B9): 13.52 mcg, Vitamin C: 26.33 mg, B1: 1 mg, B2: 0.01 mg] | Minerals [Calcium: 0.17 mg, Iron: 0.05 mg, Magnesium: 0.002 mg, Zinc: 4.69 mg] | Minerals [Calcium: 12.00 mg, Iron: 0.04 mg, Magnesium: 0.03 mg, Zinc: 0.002 mg]"
E044,[E044] Manila tamarind (Pithecellobium dulce),"Macronutrients [Protein: 3.56g, Fat: 2.82g, Carbs: 13.54g] | Water-Soluble Vitamins [Folate (B9): 4.24 mcg, Vitamin C: 55.78 mg, B1: 1 mg, B2: 0.18 mg] | Minerals [Calcium: 32.98 mg, Iron: 0.27 mg, Magnesium: 73.53 mg, Zinc: 376 mg]"
E045,"[E045] Musk melon, orange flesh (Cucumis melon)","Macronutrients [Protein: 0.42±0.06g, Fat: 0.52±0.02g, Carbs: 4.24±0.40g] | Water-Soluble Vitamins [Folate (B9): 22.31±2.48 mcg, Vitamin C: 22.76±3.42 mg, B1: 5 mg, B2: 0.01±0.000 mg] | Minerals [Calcium: 0.02±0.01 mg, Iron: 0.03±0.04 mg, Magnesium: 9.80±2.14 mg, Zinc: 0.004±0.002 mg] | Minerals [Calcium: 11.62±3.20 mg, Iron: 0.04±0.01 mg, Magnesium: 0.006±0.003 mg, Zinc: 17.28±1.65 mg]"
E046,"[E046] Musk melon, yellow flesh (Cucumis melon)","Macronutrients [Protein: 0.53±0.05g, Fat: 0.48±0.04g, Carbs: 5.40±1.04g] | Water-Soluble Vitamins [Folate (B9): 20.23±5.16 mcg, Vitamin C: 21.32±1.19 mg, B1: 6 mg, B2: 0.01±0.018 mg] | Minerals [Calcium: 0.04±0.03 mg, Iron: 9.02±2.95 mg, Magnesium: 0.002±0.000 mg, Zinc: 0.001±0.000 mg] | Minerals [Calcium: 9.81±2.68 mg, Iron: 0.04±0.01 mg, Magnesium: 0.006±0.002 mg, Zinc: 13.09±2.91 mg]"
E047,"[E047] Orange, pulp (Citrus aurantium)","Macronutrients [Protein: 0.70±0.12g, Fat: 0.36±0.02g, Carbs: 7.92±0.27g] | Water-Soluble Vitamins [Folate (B9): 19.46±1.09 mcg, Vitamin C: 42.72±4.81 mg, B1: 6 mg, B2: 0.07±0.009 mg] | Minerals [Calcium: 19.52±1.48 mg, Iron: 0.012±0.003 mg, Magnesium: 0.03±0.01 mg, Zinc: 0.81±0.04 mg] | Minerals [Calcium: 11.05±0.52 mg, Iron: 0.02±0.00 mg, Magnesium: 0.001±0.001 mg, Zinc: 0.001±0.000 mg]"
E048,"[E048] Palm fruit, tender (Borassus flabellifer)","Macronutrients [Protein: 0.50g, Fat: 0.13g, Carbs: 4.92g] | Water-Soluble Vitamins [Folate (B9): 24.40 mcg, Vitamin C: 0.25 mg, B1: 1 mg, B2: 0.01 mg]"
E049,"[E049] Papaya, ripe (Carica papaya)","Macronutrients [Protein: 0.42±0.05g, Fat: 0.51±0.03g, Carbs: 4.61±0.48g] | Water-Soluble Vitamins [Folate (B9): 60.90±6.64 mcg, Vitamin C: 43.09±7.02 mg, B1: 6 mg, B2: 0.03±0.009 mg] | Minerals [Calcium: 0.05±0.01 mg, Iron: 15.02±1.47 mg, Magnesium: 0.003±0.000 mg, Zinc: 0.04±0.01 mg] | Minerals [Calcium: 10.97±2.21 mg, Iron: 0.03±0.00 mg, Magnesium: 0.001±0.000 mg, Zinc: 0.002±0.001 mg]"
E050,[E050] Peach (Prunus communis),"Macronutrients [Protein: 0.86g, Fat: 0.51g, Carbs: 7.82g] | Water-Soluble Vitamins [Folate (B9): 6.34 mcg, Vitamin C: 5.49 mg, B1: 1 mg, B2: 0.02 mg] | Minerals [Calcium: 0.18 mg, Iron: 0.11 mg, Magnesium: 0.197 mg, Zinc: 6.98 mg] | Minerals [Calcium: 8.06 mg, Iron: 0.05 mg, Magnesium: 0.01 mg, Zinc: 0.713 mg]"
E051,[E051] Pear (Pyrus sp.),"Macronutrients [Protein: 0.36±0.04g, Fat: 0.32±0.02g, Carbs: 8.09±0.23g] | Water-Soluble Vitamins [Folate (B9): 5.28±1.17 mcg, Vitamin C: 3.31±0.90 mg, B1: 6 mg, B2: 0.02±0.005 mg] | Minerals [Calcium: 0.59±0.03 mg, Iron: 6.55±1.39 mg, Magnesium: 0.009±0.003 mg, Zinc: 0.001±0.000 mg] | Minerals [Calcium: 7.61±1.23 mg, Iron: 0.08±0.01 mg, Magnesium: 0.008±0.004 mg, Zinc: 6.74±1.79 mg]"
E052,[E052] Phalsa (Grewia asiatica),"Macronutrients [Protein: 1.66g, Fat: 1.09g, Carbs: 15.09g] | Water-Soluble Vitamins [Folate (B9): 22.56 mcg, Vitamin C: 5.11 mg, B1: 2 mg, B2: 0.03 mg] | Minerals [Calcium: 0.92 mg, Iron: 153 mg, Magnesium: 0.24 mg, Zinc: 2.01 mg] | Minerals [Calcium: 76.92 mg, Iron: 0.47 mg, Magnesium: 0.17 mg, Zinc: 0.003 mg]"
E053,[E053] Pineapple (Ananas comosus),"Macronutrients [Protein: 0.52±0.09g, Fat: 0.38±0.04g, Carbs: 9.42±1.15g] | Water-Soluble Vitamins [Folate (B9): 18.21±1.65 mcg, Vitamin C: 36.37±3.65 mg, B1: 6 mg, B2: 0.05±0.007 mg] | Minerals [Calcium: 0.08±0.04 mg, Iron: 0.24±0.25 mg, Magnesium: 10.88±1.91 mg, Zinc: 0.008±0.006 mg] | Minerals [Calcium: 12.68±4.32 mg, Iron: 1.28±0.35 mg, Magnesium: 0.017±0.004 mg, Zinc: 13.56±4.36 mg]"
E054,[E054] Plum (Prunus domestica),"Macronutrients [Protein: 0.64±0.13g, Fat: 0.35±0.16g, Carbs: 12.10±1.47g] | Water-Soluble Vitamins [Folate (B9): 14.29±1.96 mcg, Vitamin C: 2.26±0.00 mg, B1: 3 mg, B2: 0.02±0.011 mg] | Minerals [Calcium: 0.20±0.05 mg, Iron: 0.03±0.04 mg, Magnesium: 0.057±0.021 mg, Zinc: 7.61±0.94 mg] | Minerals [Calcium: 7.79±1.00 mg, Iron: 0.06±0.02 mg, Magnesium: 0.01±0.00 mg, Zinc: 0.115±0.162 mg]"
E055,"[E055] Pomegranate, maroon seeds (Punica granatum)","Macronutrients [Protein: 1.33±0.07g, Fat: 0.57±0.04g, Carbs: 11.58±0.43g] | Water-Soluble Vitamins [Folate (B9): 38.64±2.93 mcg, Vitamin C: 12.69±1.36 mg, B1: 6 mg, B2: 0.06±0.005 mg] | Minerals [Calcium: 0.05±0.01 mg, Iron: 10.65±1.82 mg, Magnesium: 0.010±0.003 mg, Zinc: 0.001±0.000 mg] | Minerals [Calcium: 11.07±0.96 mg, Iron: 0.13±0.03 mg, Magnesium: 0.005±0.003 mg, Zinc: 27.20±10.01 mg]"
E056,[E056] Pummelo (Citrus maxima),"Macronutrients [Protein: 0.68±0.06g, Fat: 0.49±0.03g, Carbs: 10.64±1.54g] | Water-Soluble Vitamins [Folate (B9): 13.44±1.47 mcg, Vitamin C: 48.89±1.52 mg, B1: 3 mg, B2: 0.06±0.045 mg] | Minerals [Calcium: 0.33±0.10 mg, Iron: 14.03±4.73 mg, Magnesium: 0.001±0.000 mg, Zinc: 0.03±0.01 mg] | Minerals [Calcium: 6.83±1.69 mg, Iron: 0.01±0.00 mg, Magnesium: 0.03±0.01 mg, Zinc: 0.001±0.000 mg]"
E057,"[E057] Raisins, dried, black (Vitis vinifera)","Macronutrients [Protein: 2.57±0.20g, Fat: 2.19±0.14g, Carbs: 71.29±0.48g] | Water-Soluble Vitamins [Folate (B9): 38.30±4.98 mcg, Vitamin C: 2.05±0.14 mg, B1: 6 mg, B2: 0.09±0.013 mg] | Minerals [Calcium: 3.06±0.49 mg, Iron: 73.24±5.48 mg, Magnesium: 0.024±0.009 mg, Zinc: 0.003±0.001 mg] | Minerals [Calcium: 33.76±6.09 mg, Iron: 0.52±0.09 mg, Magnesium: 0.016±0.020 mg, Zinc: 0.025±0.004 mg]"
E058,"[E058] Raisins, dried, golden (Vitis vinifera)","Macronutrients [Protein: 2.76±0.26g, Fat: 2.04±0.17g, Carbs: 68.79±1.00g] | Water-Soluble Vitamins [Folate (B9): 34.68±4.36 mcg, Vitamin C: 1.85±0.27 mg, B1: 6 mg, B2: 0.09±0.012 mg] | Minerals [Calcium: 3.53±0.36 mg, Iron: 51.83±5.26 mg, Magnesium: 0.009±0.002 mg, Zinc: 0.003±0.001 mg] | Minerals [Calcium: 28.32±6.15 mg, Iron: 0.41±0.06 mg, Magnesium: 0.011±0.015 mg, Zinc: 0.018±0.007 mg]"
E059,[E059] Rambutan (Nephelium lappaceum),"Macronutrients [Protein: 0.68g, Fat: 0.43g, Carbs: 16.84g] | Water-Soluble Vitamins [Folate (B9): 7.35 mcg, Vitamin C: 65.00 mg, B1: 1 mg, B2: 0.11 mg] | Minerals [Calcium: 8.67 mg, Iron: 0.003 mg, Magnesium: 0.08 mg, Zinc: 0.37 mg] | Minerals [Calcium: 21.38 mg, Iron: 0.37 mg, Magnesium: 6.98 mg, Zinc: 131 mg]"
E060,[E060] Sapota (Achras sapota),"Macronutrients [Protein: 0.92±0.07g, Fat: 0.68±0.05g, Carbs: 13.90±1.13g] | Water-Soluble Vitamins [Folate (B9): 10.83±1.91 mcg, Vitamin C: 20.96±4.62 mg, B1: 6 mg, B2: 0.01±0.001 mg] | Minerals [Calcium: 17.87±3.38 mg, Iron: 0.010±0.003 mg, Magnesium: 0.07±0.03 mg, Zinc: 0.49±0.33 mg] | Minerals [Calcium: 16.19±2.51 mg, Iron: 0.08±0.01 mg, Magnesium: 0.001±0.000 mg, Zinc: 0.029±0.006 mg]"
E061,[E061] Soursop (Annona muricata),"Macronutrients [Protein: 0.74g, Fat: 0.58g, Carbs: 11.94g] | Water-Soluble Vitamins [Folate (B9): 6.09 mcg, Vitamin C: 59.54 mg, B1: 1 mg, B2: 0.03 mg] | Minerals [Calcium: 10.05 mg, Iron: 0.001 mg, Magnesium: 0.14 mg, Zinc: 0.29 mg] | Minerals [Calcium: 17.70 mg, Iron: 0.07 mg, Magnesium: 25.83 mg, Zinc: 264 mg]"
E062,[E062] Star fruit (Averrhoa carambola),"Macronutrients [Protein: 0.79g, Fat: 0.33g, Carbs: 4.51g] | Water-Soluble Vitamins [Folate (B9): 8.43 mcg, Vitamin C: 33.55 mg, B1: 1 mg, B2: 0.08 mg] | Minerals [Calcium: 0.43 mg, Iron: 0.05 mg, Magnesium: 0.852 mg, Zinc: 4.97 mg] | Minerals [Calcium: 11.53 mg, Iron: 0.06 mg, Magnesium: 0.04 mg, Zinc: 0.010 mg]"
E063,[E063] Strawberry (Fragaria x ananassa),"Macronutrients [Protein: 0.97±0.10g, Fat: 0.54±0.02g, Carbs: 3.40±0.64g] | Water-Soluble Vitamins [Folate (B9): 8.91±3.84 mcg, Vitamin C: 50.20±4.97 mg, B1: 1 mg, B2: 0.06±0.063 mg] | Fat-Soluble Vitamins [Vitamin A: 6 mcg, Vitamin D2: 3.95±0.18 mcg, Vitamin E: 19.81±1.60 mg] | Minerals [Calcium: 15.28±3.37 mg, Iron: 0.001±0.000 mg, Magnesium: 0.07±0.01 mg, Zinc: 0.36±0.03 mg] | Minerals [Calcium: 15.53±1.31 mg, Iron: 0.43±0.02 mg, Magnesium: 26.31±2.09 mg, Zinc: 140±5.7 mg]"
E064,"[E064] Tamarind, pulp (Tamarindus indica)","Macronutrients [Protein: 2.92±0.22g, Fat: 3.44±0.31g, Carbs: 67.35±0.45g] | Water-Soluble Vitamins [Folate (B9): 9.79±0.80 mcg, Vitamin C: 3.62±0.85 mg, B1: 6 mg, B2: 0.34±0.039 mg] | Fat-Soluble Vitamins [Vitamin A: 6 mcg, Vitamin D2: 25.65±1.86 mcg, Vitamin E: 1.67±0.33 mg] | Minerals [Calcium: 4.03±0.81 mg, Iron: 0.001±0.001 mg, Magnesium: 149±13.9 mg, Zinc: 0.066±0.007 mg] | Minerals [Calcium: 82.73±8.55 mg, Iron: 0.52±0.14 mg, Magnesium: 0.070±0.060 mg, Zinc: 0.032±0.020 mg]"
E065,[E065] Tamarind,"Macronutrients [Protein: 0.60±0.06g, Fat: 0.13±0.02g, Carbs: 3.86±0.59g] | Water-Soluble Vitamins [Folate (B9): 5.88±0.55 mcg, Vitamin C: 13.26±2.66 mg, B1: 6 mg, B2: 0.02±0.004 mg] | Fat-Soluble Vitamins [Vitamin A: 6 mcg, Vitamin D2: 0.56±0.03 mcg, Vitamin E: 2.10±1.22 mg] | Minerals [Calcium: 5.29±1.09 mg, Iron: 0.002±0.001 mg, Magnesium: 0.001±0.001 mg, Zinc: 0.04±0.01 mg] | Minerals [Calcium: 9.91±0.73 mg, Iron: 0.04±0.02 mg, Magnesium: 0.010±0.008 mg, Zinc: 11.33±2.50 mg]"
E066,"[E066] Water melon, pale green (Citrullus vulgaris)","Macronutrients [Protein: 0.59±0.03g, Fat: 0.12±0.01g, Carbs: 3.02±0.21g] | Water-Soluble Vitamins [Folate (B9): 5.55±1.61 mcg, Vitamin C: 11.45±2.09 mg, B1: 6 mg, B2: 0.02±0.003 mg] | Fat-Soluble Vitamins [Vitamin A: 6 mcg, Vitamin D2: 0.56±0.03 mcg, Vitamin E: 2.80±0.87 mg] | Minerals [Calcium: 0.01±0.00 mg, Iron: 4.35±0.88 mg, Magnesium: 0.003±0.002 mg, Zinc: 0.001±0.000 mg] | Minerals [Calcium: 7.42±1.71 mg, Iron: 0.03±0.01 mg, Magnesium: 0.009±0.008 mg, Zinc: 8.09±1.76 mg]"
E067,[E067] Wood Apple (Limonia acidissima),"Macronutrients [Protein: 3.14±0.30g, Fat: 1.15±0.05g, Carbs: 7.52±0.58g] | Water-Soluble Vitamins [Folate (B9): 6.51±0.44 mcg, Vitamin C: 22.17±7.49 mg, B1: 3 mg, B2: 0.04±0.009 mg] | Fat-Soluble Vitamins [Vitamin A: 3 mcg, Vitamin D2: 28.71±2.87 mcg, Vitamin E: 6.80±0.58 mg] | Minerals [Calcium: 0.09±0.03 mg, Iron: 55.71±7.46 mg, Magnesium: 0.004±0.002 mg, Zinc: 0.001±0.000 mg] | Minerals [Calcium: 23.70±1.68 mg, Iron: 0.20±0.02 mg, Magnesium: 0.025±0.006 mg, Zinc: 84.32±4.00 mg]"
E068,[E068] Zizyphus(Zizyphus jujube),"Macronutrients [Protein: 1.34g, Fat: 0.80g, Carbs: 9.40g] | Water-Soluble Vitamins [Folate (B9): 5.99 mcg, Vitamin C: 60.93 mg, B1: 1 mg, B2: 0.01 mg] | Fat-Soluble Vitamins [Vitamin A: 1 mcg, Vitamin D2: 16.70 mcg, Vitamin E: 2.50 mg] | Minerals [Calcium: 0.11 mg, Iron: 46.55 mg, Magnesium: 0.006 mg, Zinc: 0.12 mg] | Minerals [Calcium: 16.72 mg, Iron: 0.24 mg, Magnesium: 0.008 mg, Zinc: 32.38 mg]"
F001,[F001] Beet root (Beta vulgaris),"Macronutrients [Protein: 1.95±0.14g, Fat: 1.46±0.21g, Carbs: 6.18±0.61g] | Water-Soluble Vitamins [Folate (B9): 97.37±7.06 mcg, Vitamin C: 5.26±0.85 mg, B1: 6 mg, B2: 0.01±0.001 mg] | Fat-Soluble Vitamins [Vitamin A: 6 mcg, Vitamin D2: 0.18±0.01 mcg, Vitamin E: 2.98±0.94 mg] | Minerals [Calcium: 0.33±0.08 mg, Iron: 17.28±2.25 mg, Magnesium: 0.008±0.001 mg, Zinc: 0.001±0.000 mg] | Minerals [Calcium: 33.21±2.70 mg, Iron: 0.57±0.11 mg, Magnesium: 0.002±0.001 mg, Zinc: 0.008±0.002 mg]"
F002,"[F002] Carrot, orange (Daucus carota)","Macronutrients [Protein: 0.95±0.15g, Fat: 1.16±0.09g, Carbs: 5.55±0.48g] | Water-Soluble Vitamins [Folate (B9): 24.04±2.07 mcg, Vitamin C: 6.22±1.99 mg, B1: 6 mg, B2: 0.04±0.003 mg] | Fat-Soluble Vitamins [Vitamin A: 6 mcg, Vitamin D2: 1.36±0.13 mcg, Vitamin E: 18.35±0.19 mg] | Minerals [Calcium: 0.36±0.14 mg, Iron: 35.09±5.89 mg, Magnesium: 0.004±0.001 mg, Zinc: 0.08±0.01 mg] | Minerals [Calcium: 16.73±3.20 mg, Iron: 0.23±0.07 mg, Magnesium: 0.002±0.002 mg, Zinc: 0.010±0.004 mg]"
F003,"[F003] Carrot, red (Daucus carota)","Macronutrients [Protein: 1.04±0.09g, Fat: 1.22±0.10g, Carbs: 6.71±1.11g] | Water-Soluble Vitamins [Folate (B9): 23.67±3.25 mcg, Vitamin C: 6.76±1.56 mg, B1: 4 mg, B2: 0.04±0.017 mg] | Fat-Soluble Vitamins [Vitamin A: 4 mcg, Vitamin D2: 1.39±0.09 mcg, Vitamin E: 18.75±0.81 mg] | Minerals [Calcium: 0.54±0.13 mg, Iron: 41.06±8.47 mg, Magnesium: 0.004±0.001 mg, Zinc: 0.10±0.03 mg] | Minerals [Calcium: 18.83±7.02 mg, Iron: 0.20±0.05 mg, Magnesium: 0.008±0.002 mg, Zinc: 0.011±0.006 mg]"
F004,[F004] Colocasia (Colocasia esculenta),"Macronutrients [Protein: 3.31±0.59g, Fat: 1.95±0.27g, Carbs: 17.85±0.94g] | Water-Soluble Vitamins [Folate (B9): 19.91±2.90 mcg, Vitamin C: 1.83±0.64 mg, B1: 6 mg, B2: 0.06±0.007 mg] | Fat-Soluble Vitamins [Vitamin A: 6 mcg, Vitamin D2: 0.27±0.01 mcg, Vitamin E: 3.15±0.90 mg] | Minerals [Calcium: 0.82±0.22 mg, Iron: 30.18±3.86 mg, Magnesium: 0.009±0.003 mg, Zinc: 0.003±0.002 mg] | Minerals [Calcium: 36.93±4.86 mg, Iron: 0.47±0.29 mg, Magnesium: 0.027±0.021 mg, Zinc: 0.035±0.019 mg]"
F005,[F005] Lotus root (Nelumbium nelumbo),"Macronutrients [Protein: 1.94±0.32g, Fat: 1.50±0.10g, Carbs: 14.67±0.45g] | Water-Soluble Vitamins [Folate (B9): 26.49±6.85 mcg, Vitamin C: 26.63±7.02 mg, B1: 3 mg, B2: 0.07±0.008 mg] | Fat-Soluble Vitamins [Vitamin A: 3 mcg, Vitamin D2: 0.27±0.06 mcg, Vitamin E: 44.45±4.37 mg] | Minerals [Calcium: 5.91±1.59 mg, Iron: 3.89±2.13 mg, Magnesium: 37.71±2.79 mg, Zinc: 0.028±0.009 mg] | Minerals [Calcium: 26.58±1.74 mg, Iron: 1.40±0.81 mg, Magnesium: 0.002±0.000 mg, Zinc: 0.023±0.008 mg]"
F006,"[F006] Potato, brown skin, big (Solanum tuberosum)","Macronutrients [Protein: 1.54±0.17g, Fat: 0.92±0.08g, Carbs: 14.89±0.40g] | Water-Soluble Vitamins [Folate (B9): 15.51±1.66 mcg, Vitamin C: 23.15±3.98 mg, B1: 6 mg, B2: 0.06±0.004 mg] | Fat-Soluble Vitamins [Vitamin A: 6 mcg, Vitamin D2: 0.19±0.02 mcg, Vitamin E: 2.12±0.31 mg] | Minerals [Calcium: 0.13±0.05 mg, Iron: 0.001±0.001 mg, Magnesium: 9.52±1.09 mg, Zinc: 0.002±0.001 mg] | Minerals [Calcium: 24.07±7.55 mg, Iron: 0.14±0.04 mg, Magnesium: 0.29±0.03 mg, Zinc: 0.002±0.001 mg]"
F007,"[F007] Potato, brown skin, small (Solanum tuberosum)","Macronutrients [Protein: 1.35g, Fat: 0.87g, Carbs: 12.90g] | Water-Soluble Vitamins [Folate (B9): 13.85 mcg, Vitamin C: 26.41 mg, B1: 1 mg, B2: 0.05 mg] | Fat-Soluble Vitamins [Vitamin A: 1 mcg, Vitamin D2: 0.22 mcg, Vitamin E: 1.80 mg] | Minerals [Calcium: 0.15 mg, Iron: 8.53 mg, Magnesium: 0.007 mg, Zinc: 0.003 mg] | Minerals [Calcium: 22.34 mg, Iron: 0.16 mg, Magnesium: 0.003 mg, Zinc: 0.013 mg]"
F008,"[F008] Potato, red skin (Solanum tuberosum)","Macronutrients [Protein: 1.83g, Fat: 1.13g, Carbs: 15.43g] | Water-Soluble Vitamins [Folate (B9): 17.83 mcg, Vitamin C: 25.04 mg, B1: 1 mg, B2: 0.06 mg] | Fat-Soluble Vitamins [Vitamin A: 1 mcg, Vitamin D2: 0.20 mcg, Vitamin E: 2.30 mg] | Minerals [Calcium: 0.16 mg, Iron: 0.002 mg, Magnesium: 8.62 mg, Zinc: 0.006 mg] | Minerals [Calcium: 25.54 mg, Iron: 0.14 mg, Magnesium: 0.012 mg, Zinc: 30.39 mg]"
F009,"[F009] Radish, elongate, red skin (Raphanus sativus)","Macronutrients [Protein: 0.67±0.03g, Fat: 0.73±0.02g, Carbs: 6.71±0.12g] | Water-Soluble Vitamins [Folate (B9): 24.65±5.84 mcg, Vitamin C: 17.63±3.89 mg, B1: 3 mg, B2: 0.03±0.007 mg] | Fat-Soluble Vitamins [Vitamin A: 3 mcg, Vitamin D2: 0.04±0.02 mcg, Vitamin E: 2.10±0.12 mg] | Minerals [Calcium: 0.26±0.23 mg, Iron: 28.44±1.88 mg, Magnesium: 0.004±0.003 mg, Zinc: 0.001±0.000 mg] | Minerals [Calcium: 13.34±1.14 mg, Iron: 0.09±0.01 mg, Magnesium: 0.011±0.007 mg, Zinc: 0.005±0.002 mg]"
F010,"[F010] Radish, elongate, white skin (Raphanus sativus)","Macronutrients [Protein: 0.77±0.08g, Fat: 0.82±0.10g, Carbs: 6.56±0.70g] | Water-Soluble Vitamins [Folate (B9): 29.75±8.30 mcg, Vitamin C: 19.91±5.69 mg, B1: 6 mg, B2: 0.02±0.004 mg] | Fat-Soluble Vitamins [Vitamin A: 6 mcg, Vitamin D2: 0.05±0.02 mcg, Vitamin E: 2.50±0.19 mg] | Minerals [Calcium: 0.20±0.13 mg, Iron: 30.20±3.58 mg, Magnesium: 0.003±0.001 mg, Zinc: 0.001±0.001 mg] | Minerals [Calcium: 16.07±3.27 mg, Iron: 0.10±0.04 mg, Magnesium: 0.009±0.003 mg, Zinc: 0.005±0.003 mg]"
F011,"[F011] Radish, round, red skin (Raphanus sativus)","Macronutrients [Protein: 0.89g, Fat: 0.91g, Carbs: 6.07g] | Water-Soluble Vitamins [Folate (B9): 24.59 mcg, Vitamin C: 15.69 mg, B1: 1 mg, B2: 0.03 mg] | Fat-Soluble Vitamins [Vitamin A: 1 mcg, Vitamin D2: 0.05 mcg, Vitamin E: 2.60 mg] | Minerals [Calcium: 0.17 mg, Iron: 35.76 mg, Magnesium: 0.003 mg, Zinc: 0.03 mg] | Minerals [Calcium: 22.25 mg, Iron: 0.08 mg, Magnesium: 0.016 mg, Zinc: 0.003 mg]"
F012,"[F012] Radish, round, white skin (Raphanus sativus)","Macronutrients [Protein: 0.80g, Fat: 0.80g, Carbs: 6.13g] | Water-Soluble Vitamins [Folate (B9): 22.60 mcg, Vitamin C: 14.00 mg, B1: 2 mg, B2: 0.03 mg] | Fat-Soluble Vitamins [Vitamin A: 2 mcg, Vitamin D2: 0.04 mcg, Vitamin E: 1.90 mg] | Minerals [Calcium: 0.08 mg, Iron: 34.23 mg, Magnesium: 0.002 mg, Zinc: 0.001 mg] | Minerals [Calcium: 15.46 mg, Iron: 0.13 mg, Magnesium: 0.005 mg, Zinc: 0.009 mg]"
F013,"[F013] Sweet potato, brown skin (Ipomoea batatas)","Macronutrients [Protein: 1.33±0.12g, Fat: 0.96±0.07g, Carbs: 24.25±0.77g] | Water-Soluble Vitamins [Folate (B9): 15.62±2.13 mcg, Vitamin C: 17.94±1.40 mg, B1: 4 mg, B2: 0.07±0.085 mg] | Fat-Soluble Vitamins [Vitamin A: 4 mcg, Vitamin D2: 1.26±0.31 mcg, Vitamin E: 3.00±0.84 mg] | Minerals [Calcium: 0.15±0.16 mg, Iron: 0.001±0.000 mg, Magnesium: 27.50±5.24 mg, Zinc: 0.002±0.001 mg] | Minerals [Calcium: 17.37±4.75 mg, Iron: 0.28±0.24 mg, Magnesium: 0.003±0.000 mg, Zinc: 0.013±0.001 mg]"
F014,"[F014] Sweet potato, pink skin (Ipomoea batatas)","Macronutrients [Protein: 1.27±0.09g, Fat: 0.95±0.01g, Carbs: 23.93±0.15g] | Water-Soluble Vitamins [Folate (B9): 14.44±2.06 mcg, Vitamin C: 22.20±2.32 mg, B1: 3 mg, B2: 0.06±0.012 mg] | Fat-Soluble Vitamins [Vitamin A: 3 mcg, Vitamin D2: 1.64±0.25 mcg, Vitamin E: 3.50±0.95 mg] | Minerals [Calcium: 0.09±0.04 mg, Iron: 28.93±3.24 mg, Magnesium: 0.002±0.001 mg, Zinc: 0.001±0.001 mg] | Minerals [Calcium: 21.05±3.95 mg, Iron: 0.20±0.03 mg, Magnesium: 0.005±0.000 mg, Zinc: 0.009±0.004 mg]"
F015,[F015] Tapioca (Manihot esculenta),"Macronutrients [Protein: 1.03±0.10g, Fat: 1.12±0.11g, Carbs: 17.81±0.57g] | Water-Soluble Vitamins [Folate (B9): 25.64±0.47 mcg, Vitamin C: 15.51±3.19 mg, B1: 3 mg, B2: 0.07±0.003 mg] | Fat-Soluble Vitamins [Vitamin A: 3 mcg, Vitamin D2: 0.13±0.01 mcg, Vitamin E: 2.80±0.83 mg] | Minerals [Calcium: 0.26±0.18 mg, Iron: 25.89±6.52 mg, Magnesium: 0.005±0.001 mg, Zinc: 0.002±0.001 mg] | Minerals [Calcium: 23.08±4.06 mg, Iron: 0.20±0.06 mg, Magnesium: 0.015±0.008 mg, Zinc: 42.55±11.04 mg]"
F016,[F016] Water Chestnut (Eleocharis dulcis),"Macronutrients [Protein: 0.86g, Fat: 0.95g, Carbs: 21.46g] | Water-Soluble Vitamins [Folate (B9): 9.80 mcg, Vitamin C: 5.26 mg, B1: 1 mg, B2: 0.02 mg] | Fat-Soluble Vitamins [Vitamin A: 1 mcg, Vitamin D2: 1.20 mcg, Vitamin E: 3.50 mg] | Minerals [Calcium: 0.11 mg, Iron: 0.60 mg, Magnesium: 0.001 mg, Zinc: 37.15 mg] | Minerals [Calcium: 57.43 mg, Iron: 0.57 mg, Magnesium: 0.02 mg, Zinc: 0.007 mg]"
F017,"[F017] Yam, elephant (Amorphophallus campanulatus)","Macronutrients [Protein: 2.56±0.28g, Fat: 1.29±0.10g, Carbs: 17.46±0.55g] | Water-Soluble Vitamins [Folate (B9): 20.54±2.42 mcg, Vitamin C: 15.22±1.84 mg, B1: 6 mg, B2: 0.04±0.004 mg] | Fat-Soluble Vitamins [Vitamin A: 6 mcg, Vitamin D2: 1.30±0.23 mcg, Vitamin E: 4.80±1.46 mg] | Minerals [Calcium: 0.72±0.19 mg, Iron: 0.001±0.001 mg, Magnesium: 46.91±5.12 mg, Zinc: 0.009±0.003 mg] | Minerals [Calcium: 33.51±7.66 mg, Iron: 0.28±0.07 mg, Magnesium: 0.005±0.005 mg, Zinc: 0.011±0.003 mg]"
F018,"[F018] Yam, ordinary (Amorphophallus sp.)","Macronutrients [Protein: 2.18±0.26g, Fat: 1.64±0.19g, Carbs: 17.65±0.57g] | Water-Soluble Vitamins [Folate (B9): 15.68±1.61 mcg, Vitamin C: 13.88±3.43 mg, B1: 4 mg, B2: 0.04±0.003 mg] | Fat-Soluble Vitamins [Vitamin A: 4 mcg, Vitamin D2: 0.23±0.00 mcg, Vitamin E: 5.50±1.02 mg] | Minerals [Calcium: 0.46±0.14 mg, Iron: 16.19±2.79 mg, Magnesium: 0.006±0.002 mg, Zinc: 0.001±0.000 mg] | Minerals [Calcium: 30.40±3.90 mg, Iron: 0.14±0.10 mg, Magnesium: 0.002±0.001 mg, Zinc: 0.013±0.003 mg]"
F019,"[F019] Yam, wild (Dioscorea villosa)","Macronutrients [Protein: 3.07g, Fat: 1.76g, Carbs: 20.95g] | Water-Soluble Vitamins [Folate (B9): 21.01 mcg, Vitamin C: 14.06 mg, B1: 2 mg, B2: 0.121 mg] | Fat-Soluble Vitamins [Vitamin A: 2 mcg, Vitamin D2: 1.18 mcg, Vitamin E: 6.00 mg] | Minerals [Calcium: 0.21 mg, Iron: 0.001 mg, Magnesium: 44.13 mg, Zinc: 0.003 mg] | Minerals [Calcium: 31.75 mg, Iron: 0.37 mg, Magnesium: 0.21 mg, Zinc: 0.002 mg]"
G001,"[G001] Chillies, (Capsicum annum)","Macronutrients [Protein: 84.47±0.29g, Fat: 2.62±0.35g, Carbs: 6.32±0.41g] | Water-Soluble Vitamins [Folate (B9): 25.31±2.47 mcg, Vitamin C: 79.50±5.94 mg, B1: green-1 mg, B2: 5 mg] | Fat-Soluble Vitamins [Vitamin A: green-1 mcg, Vitamin D2: 5 mcg, Vitamin E: 20.12±3.87 mg] | Minerals [Calcium: 5 mg, Iron: 0.35±0.24 mg, Magnesium: 24.10±7.08 mg, Zinc: 0.006±0.002 mg] | Minerals [Calcium: 5 mg, Iron: 34.72±8.28 mg, Magnesium: 0.29±0.08 mg, Zinc: 0.002±0.002 mg]"
G002,"[G002] Chillies, (Capsicum annum)","Macronutrients [Protein: 85.72±0.49g, Fat: 2.28±0.13g, Carbs: 5.27±0.42g] | Water-Soluble Vitamins [Folate (B9): 25.93±5.56 mcg, Vitamin C: 90.97±9.19 mg, B1: green-2 mg, B2: 3 mg] | Fat-Soluble Vitamins [Vitamin A: green-2 mcg, Vitamin D2: 3 mcg, Vitamin E: 19.51±3.43 mg] | Minerals [Calcium: 3 mg, Iron: 0.20±0.06 mg, Magnesium: 0.000±0.001 mg, Zinc: 16.86±2.36 mg] | Minerals [Calcium: 3 mg, Iron: 27.54±6.31 mg, Magnesium: 0.27±0.09 mg, Zinc: 0.002±0.002 mg]"
G003,"[G003] Chillies, (Capsicum annum)","Macronutrients [Protein: 85.59±0.79g, Fat: 2.38±0.40g, Carbs: 5.23±0.71g] | Water-Soluble Vitamins [Folate (B9): 20.45±1.69 mcg, Vitamin C: 93.63±9.46 mg, B1: green-3 mg, B2: 5 mg] | Fat-Soluble Vitamins [Vitamin A: green-3 mcg, Vitamin D2: 5 mcg, Vitamin E: 18.05±3.76 mg] | Minerals [Calcium: 5 mg, Iron: 0.33±0.16 mg, Magnesium: 0.001±0.001 mg, Zinc: 18.04±3.56 mg] | Minerals [Calcium: 5 mg, Iron: 29.90±6.97 mg, Magnesium: 0.27±0.10 mg, Zinc: 0.002±0.002 mg]"
G004,"[G004] Chillies, (Capsicum annum)","Macronutrients [Protein: 85.29±0.53g, Fat: 2.33±0.30g, Carbs: 6.63±0.61g] | Water-Soluble Vitamins [Folate (B9): 15.92±1.13 mcg, Vitamin C: 102±6.1 mg, B1: green-4 mg, B2: 3 mg] | Fat-Soluble Vitamins [Vitamin A: green-4 mcg, Vitamin D2: 3 mcg, Vitamin E: 22.16±3.48 mg] | Minerals [Calcium: 3 mg, Iron: 0.32±0.16 mg, Magnesium: 0.001±0.001 mg, Zinc: 15.87±1.49 mg] | Minerals [Calcium: 3 mg, Iron: 29.74±8.00 mg, Magnesium: 0.29±0.18 mg, Zinc: 0.001±0.001 mg]"
G005,"[G005] Chillies, (Capsicum annum)","Macronutrients [Protein: 85.93±0.11g, Fat: 2.01±0.26g, Carbs: 6.64±0.39g] | Water-Soluble Vitamins [Folate (B9): 17.75±2.38 mcg, Vitamin C: 97.77±4.28 mg, B1: green-5 mg, B2: 2 mg] | Fat-Soluble Vitamins [Vitamin A: green-5 mcg, Vitamin D2: 2 mcg, Vitamin E: 15.70±1.86 mg] | Minerals [Calcium: 2 mg, Iron: 0.27±0.20 mg, Magnesium: 0.000±0.001 mg, Zinc: 15.31±3.61 mg] | Minerals [Calcium: 2 mg, Iron: 23.96±6.20 mg, Magnesium: 0.25±0.11 mg, Zinc: 0.001±0.001 mg]"
G006,"[G006] Chillies, (Capsicum annum)","Macronutrients [Protein: 84.93g, Fat: 3.01g, Carbs: 5.31g] | Water-Soluble Vitamins [Folate (B9): 18.87 mcg, Vitamin C: 108 mg, B1: green-6 mg, B2: 1 mg] | Fat-Soluble Vitamins [Vitamin A: green-6 mcg, Vitamin D2: 1 mcg, Vitamin E: 18.00 mg] | Minerals [Calcium: 1 mg, Iron: 0.10 mg, Magnesium: 0.001 mg, Zinc: 24.82 mg] | Minerals [Calcium: 1 mg, Iron: 34.80 mg, Magnesium: 0.33 mg, Zinc: 0.006 mg]"
G007,"[G007] Chillies, (Capsicum annum)","Macronutrients [Protein: 85.83g, Fat: 2.12g, Carbs: 5.61g] | Water-Soluble Vitamins [Folate (B9): 19.39 mcg, Vitamin C: 112 mg, B1: green-7 mg, B2: 1 mg] | Fat-Soluble Vitamins [Vitamin A: green-7 mcg, Vitamin D2: 1 mcg, Vitamin E: 19.50 mg] | Minerals [Calcium: 1 mg, Iron: 2.09 mg, Magnesium: 16.85 mg, Zinc: 0.002 mg] | Minerals [Calcium: 1 mg, Iron: 26.71 mg, Magnesium: 0.28 mg, Zinc: 0.034 mg]"
G008,"[G008] Chillies, green - all varieties (Capsicum annum)","Macronutrients [Protein: 85.39±0.68g, Fat: 2.36±0.34g, Carbs: 5.86±0.77g] | Water-Soluble Vitamins [Folate (B9): 21.50±4.83 mcg, Vitamin C: 94.07±11.67 mg, B1: - mg, B2: 6 mg] | Fat-Soluble Vitamins [Vitamin A: 6 mcg, Vitamin D2: 3.11±0.81 mcg, Vitamin E: 19.18±3.42 mg] | Minerals [Calcium: 0.45±0.57 mg, Iron: 0.001±0.001 mg, Magnesium: 18.45±4.86 mg, Zinc: 0.005±0.002 mg] | Minerals [Calcium: 29.51±7.13 mg, Iron: 0.28±0.10 mg, Magnesium: 0.002±0.002 mg, Zinc: 0.029±0.022 mg]"
G009,[G009] Coriander leaves (Coriandrum sativum),"Macronutrients [Protein: 3.52±0.26g, Fat: 2.19±0.15g, Carbs: 1.93±0.27g] | Water-Soluble Vitamins [Folate (B9): 51.01±3.98 mcg, Vitamin C: 23.87±7.33 mg, B1: 6 mg, B2: 0.09±0.005 mg] | Fat-Soluble Vitamins [Vitamin A: 6 mcg, Vitamin D2: 3.55±0.21 mcg, Vitamin E: 274±23.4 mg] | Minerals [Calcium: 1.84±0.49 mg, Iron: 146±13.0 mg, Magnesium: 0.033±0.007 mg, Zinc: 0.002±0.001 mg] | Minerals [Calcium: 72.68±14.20 mg, Iron: 0.96±0.25 mg, Magnesium: 0.014±0.009 mg, Zinc: 0.044±0.015 mg]"
G010,[G010] Curry leaves (Murraya koenigii),"Macronutrients [Protein: 7.41±0.26g, Fat: 4.86±0.58g, Carbs: 4.51±1.79g] | Water-Soluble Vitamins [Folate (B9): 117±19.3 mcg, Vitamin C: 6.04±1.36 mg, B1: 6 mg, B2: 0.07±0.016 mg] | Fat-Soluble Vitamins [Vitamin A: 6 mcg, Vitamin D2: 117±4.5 mcg, Vitamin E: 275±14.8 mg] | Minerals [Calcium: 4.10±0.44 mg, Iron: 7.42±1.16 mg, Magnesium: 0.002±0.000 mg, Zinc: 659±77.4 mg] | Minerals [Calcium: 182±44.8 mg, Iron: 1.23±0.25 mg, Magnesium: 0.013±0.006 mg, Zinc: 0.093±0.030 mg]"
G011,"[G011] Garlic, big clove (Allium sativum)","Macronutrients [Protein: 6.92±0.20g, Fat: 1.40±0.11g, Carbs: 21.93±0.82g] | Water-Soluble Vitamins [Folate (B9): 85.77±15.61 mcg, Vitamin C: 12.62±1.15 mg, B1: 6 mg, B2: 0.20±0.029 mg] | Fat-Soluble Vitamins [Vitamin A: 6 mcg, Vitamin D2: 1.88±0.37 mcg, Vitamin E: 2.80±1.70 mg] | Minerals [Calcium: 0.05±0.02 mg, Iron: 0.001±0.001 mg, Magnesium: 20.08±5.73 mg, Zinc: 0.004±0.002 mg] | Minerals [Calcium: 27.08±7.89 mg, Iron: 0.34±0.03 mg, Magnesium: 0.001±0.000 mg, Zinc: 0.019±0.009 mg]"
G012,"[G012] Garlic, small clove (Allium sativum)","Macronutrients [Protein: 6.75±0.24g, Fat: 1.38±0.17g, Carbs: 21.84±0.74g] | Water-Soluble Vitamins [Folate (B9): 78.82±22.76 mcg, Vitamin C: 13.57±0.70 mg, B1: 3 mg, B2: 0.20±0.023 mg] | Fat-Soluble Vitamins [Vitamin A: 3 mcg, Vitamin D2: 1.97±0.19 mcg, Vitamin E: 3.20±1.22 mg] | Minerals [Calcium: 0.05±0.02 mg, Iron: 0.001±0.001 mg, Magnesium: 17.63±2.77 mg, Zinc: 0.003±0.002 mg] | Minerals [Calcium: 25.78±4.86 mg, Iron: 0.32±0.11 mg, Magnesium: 0.026±0.016 mg, Zinc: 116±27.9 mg]"
G013,"[G013] Garlic, single clove, Kashmir (Allium sativum)","Macronutrients [Protein: 6.12g, Fat: 1.76g, Carbs: 23.46g] | Water-Soluble Vitamins [Folate (B9): 92.25 mcg, Vitamin C: 15.38 mg, B1: 1 mg, B2: 0.25 mg] | Fat-Soluble Vitamins [Vitamin A: 1 mcg, Vitamin D2: 2.89 mcg, Vitamin E: 4.50 mg] | Minerals [Calcium: 0.18 mg, Iron: 0.004 mg, Magnesium: 19.00 mg, Zinc: 0.008 mg] | Minerals [Calcium: 41.13 mg, Iron: 0.13 mg, Magnesium: 0.009 mg, Zinc: 0.032 mg]"
G014,"[G014] Ginger, fresh (Zingiber officinale)","Macronutrients [Protein: 2.22±0.16g, Fat: 1.33±0.13g, Carbs: 8.97±0.28g] | Water-Soluble Vitamins [Folate (B9): 10.82±1.61 mcg, Vitamin C: 5.43±1.22 mg, B1: 6 mg, B2: 0.04±0.005 mg] | Fat-Soluble Vitamins [Vitamin A: 6 mcg, Vitamin D2: 4.09±0.35 mcg, Vitamin E: 25.55±2.45 mg] | Minerals [Calcium: 1.71±0.47 mg, Iron: 18.88±2.87 mg, Magnesium: 0.013±0.005 mg, Zinc: 0.003±0.001 mg] | Minerals [Calcium: 54.66±7.12 mg, Iron: 3.85±1.56 mg, Magnesium: 0.002±0.001 mg, Zinc: 0.030±0.017 mg]"
G015,[G015] Mango ginger (Curcuma amada),"Macronutrients [Protein: 1.45±0.37g, Fat: 1.57±0.14g, Carbs: 6.98±0.15g] | Water-Soluble Vitamins [Folate (B9): 22.62±0.48 mcg, Vitamin C: 1.62±0.30 mg, B1: 3 mg, B2: 0.02±0.001 mg] | Fat-Soluble Vitamins [Vitamin A: 3 mcg, Vitamin D2: 3.10±0.39 mcg, Vitamin E: 27.71±0.70 mg] | Minerals [Calcium: 0.21±0.00 mg, Iron: 0.002±0.002 mg, Magnesium: 13.74±2.59 mg, Zinc: 0.002±0.001 mg] | Minerals [Calcium: 36.86±6.27 mg, Iron: 1.52±0.53 mg, Magnesium: 0.04±0.01 mg, Zinc: 0.006±0.004 mg]"
G016,[G016] Mint leaves (Mentha spicata ),"Macronutrients [Protein: 4.66±0.15g, Fat: 2.18±0.17g, Carbs: 2.39±0.36g] | Water-Soluble Vitamins [Folate (B9): 106±6.3 mcg, Vitamin C: 17.16±6.75 mg, B1: 4 mg, B2: 0.02±0.005 mg] | Fat-Soluble Vitamins [Vitamin A: 4 mcg, Vitamin D2: 3.37±0.16 mcg, Vitamin E: 164±37.2 mg] | Minerals [Calcium: 1.17±0.16 mg, Iron: 5.26±0.00 mg, Magnesium: 205±31.8 mg, Zinc: 0.063±0.000 mg] | Minerals [Calcium: 110±30.9 mg, Iron: 1.06±0.57 mg, Magnesium: 0.21±0.00 mg, Zinc: 0.020±0.000 mg]"
G017,"[G017] Onion, big (Allium cepa)","Macronutrients [Protein: 1.50±0.10g, Fat: 0.50±0.04g, Carbs: 9.56±0.44g] | Water-Soluble Vitamins [Folate (B9): 28.88±2.85 mcg, Vitamin C: 6.69±0.63 mg, B1: 6 mg, B2: 0.04±0.005 mg] | Fat-Soluble Vitamins [Vitamin A: 6 mcg, Vitamin D2: 0.73±0.19 mcg, Vitamin E: 4.50±1.47 mg] | Minerals [Calcium: 0.08±0.03 mg, Iron: 0.001±0.001 mg, Magnesium: 21.03±6.68 mg, Zinc: 0.003±0.002 mg] | Minerals [Calcium: 17.96±5.17 mg, Iron: 0.24±0.21 mg, Magnesium: 0.008±0.005 mg, Zinc: 32.34±7.63 mg]"
G018,"[G018] Onion, small (Allium cepa)","Macronutrients [Protein: 1.82±0.20g, Fat: 0.61±0.07g, Carbs: 11.58±0.37g] | Water-Soluble Vitamins [Folate (B9): 29.68±1.98 mcg, Vitamin C: 10.96±2.00 mg, B1: 5 mg, B2: 0.07±0.012 mg] | Fat-Soluble Vitamins [Vitamin A: 5 mcg, Vitamin D2: 0.12±0.03 mcg, Vitamin E: 5.30±1.46 mg] | Minerals [Calcium: 0.29±0.09 mg, Iron: 19.92±4.48 mg, Magnesium: 0.002±0.001 mg, Zinc: 0.001±0.001 mg] | Minerals [Calcium: 15.16±3.75 mg, Iron: 0.11±0.02 mg, Magnesium: 0.003±0.000 mg, Zinc: 0.005±0.002 mg]"
G019,[G019] Asafoetida (Ferula assa-foetida),"Macronutrients [Protein: 6.34±0.53g, Fat: 5.90±0.12g, Carbs: 71.95±0.71g] | Water-Soluble Vitamins [Folate (B9): 2.27±0.34 mcg, Vitamin C: 26.28±4.12 mg, B1: 6 mg, B2: 0.82±0.037 mg] | Fat-Soluble Vitamins [Vitamin A: 6 mcg, Vitamin D2: 12.59±1.40 mcg, Vitamin E: 46.56±2.21 mg] | Minerals [Calcium: 4.76±1.45 mg, Iron: 2.13±3.13 mg, Magnesium: 0.001±0.001 mg, Zinc: 266±41.4 mg] | Minerals [Calcium: 96.40±17.98 mg, Iron: 2.96±1.11 mg, Magnesium: 0.014±0.006 mg, Zinc: 0.052±0.030 mg]"
G020,"[G020] Cardamom, green (Elettaria cardamomum)","Macronutrients [Protein: 8.10±0.41g, Fat: 7.21±0.46g, Carbs: 47.76±0.47g] | Water-Soluble Vitamins [Folate (B9): 4.94±0.39 mcg, Vitamin C: 2.85±1.05 mg, B1: 6 mg, B2: 0.12±0.016 mg] | Fat-Soluble Vitamins [Vitamin A: 6 mcg, Vitamin D2: 43.72±2.28 mcg, Vitamin E: 6.81±0.55 mg] | Minerals [Calcium: 7.59±1.21 mg, Iron: 3.79±1.73 mg, Magnesium: 0.008±0.006 mg, Zinc: 378±40.7 mg] | Minerals [Calcium: 330±66.1 mg, Iron: 37.98±1.44 mg, Magnesium: 0.013±0.018 mg, Zinc: 0.219±0.074 mg]"
G021,"[G021] Cardamom, black (Elettaria cardamomum)","Macronutrients [Protein: 6.69±0.31g, Fat: 7.84±0.40g, Carbs: 52.53±1.51g] | Water-Soluble Vitamins [Folate (B9): 4.76±0.88 mcg, Vitamin C: 4.96±1.62 mg, B1: 4 mg, B2: 0.05±0.015 mg] | Fat-Soluble Vitamins [Vitamin A: 4 mcg, Vitamin D2: 43.55±3.33 mcg, Vitamin E: 5.74±0.43 mg] | Minerals [Calcium: 6.05±1.26 mg, Iron: 0.28±0.01 mg, Magnesium: 0.006±0.001 mg, Zinc: 312±57.3 mg] | Minerals [Calcium: 286±31.9 mg, Iron: 30.25±2.38 mg, Magnesium: 0.006±0.001 mg, Zinc: 0.234±0.183 mg]"
G022,"[G022] Chillies, red (Capsicum annum)","Macronutrients [Protein: 12.69±0.22g, Fat: 5.73±0.15g, Carbs: 29.46±0.62g] | Water-Soluble Vitamins [Folate (B9): 0.92±0.04 mcg, Vitamin C: 51.50±2.87 mg, B1: 6 mg, B2: 0.46±0.036 mg] | Fat-Soluble Vitamins [Vitamin A: 6 mcg, Vitamin D2: 24.36±2.56 mcg, Vitamin E: 274±6.6 mg] | Minerals [Calcium: 4.70±1.01 mg, Iron: 0.003±0.000 mg, Magnesium: 99.83±6.61 mg, Zinc: 0.114±0.020 mg] | Minerals [Calcium: 231±25.4 mg, Iron: 1.45±0.13 mg, Magnesium: 1.60±0.25 mg, Zinc: 0.012±0.011 mg]"
G023,[G023] Cloves (Syzygium aromaticum),"Macronutrients [Protein: 5.86±0.21g, Fat: 5.99±0.23g, Carbs: 18.73±0.39g] | Water-Soluble Vitamins [Folate (B9): 2.41±0.23 mcg, Vitamin C: 32.81±1.90 mg, B1: 6 mg, B2: 0.53±0.122 mg] | Fat-Soluble Vitamins [Vitamin A: 6 mcg, Vitamin D2: 45.07±2.37 mcg, Vitamin E: 161±36.7 mg] | Minerals [Calcium: 6.09±1.25 mg, Iron: 5.08±0.92 mg, Magnesium: 567±70.8 mg, Zinc: 0.047±0.026 mg] | Minerals [Calcium: 334±42.2 mg, Iron: 61.86±5.79 mg, Magnesium: 0.008±0.004 mg, Zinc: 0.060±0.021 mg]"
G024,[G024] Coriander seeds (Coriandrum sativum),"Macronutrients [Protein: 10.66±0.33g, Fat: 5.36±0.15g, Carbs: 12.98±2.62g] | Water-Soluble Vitamins [Folate (B9): 1.46±0.34 mcg, Vitamin C: 22.07±4.23 mg, B1: 6 mg, B2: 0.19±0.018 mg] | Fat-Soluble Vitamins [Vitamin A: 6 mcg, Vitamin D2: 1.31±0.01 mcg, Vitamin E: 35.70±2.52 mg] | Minerals [Calcium: 5.74±1.83 mg, Iron: 0.001±0.001 mg, Magnesium: 718±43.0 mg, Zinc: 0.041±0.019 mg] | Minerals [Calcium: 343±25.5 mg, Iron: 2.81±0.39 mg, Magnesium: 0.011±0.005 mg, Zinc: 0.143±0.024 mg]"
G025,[G025] Cumin seeds (Cuminum cyminum),"Macronutrients [Protein: 13.91±0.50g, Fat: 5.90±0.09g, Carbs: 22.62±1.05g] | Water-Soluble Vitamins [Folate (B9): 1.20±0.22 mcg, Vitamin C: 27.79±2.55 mg, B1: 6 mg, B2: 0.52±0.055 mg] | Fat-Soluble Vitamins [Vitamin A: 6 mcg, Vitamin D2: 12.10±0.07 mcg, Vitamin E: 146±2.2 mg] | Minerals [Calcium: 9.31±3.52 mg, Iron: 0.001±0.001 mg, Magnesium: 878±78.0 mg, Zinc: 0.126±0.072 mg] | Minerals [Calcium: 442±65.7 mg, Iron: 4.21±0.63 mg, Magnesium: 0.015±0.006 mg, Zinc: 0.164±0.063 mg]"
G026,[G026] Fenugreek seeds (Trigonella foenum graecum),"Macronutrients [Protein: 25.41±0.24g, Fat: 2.93±0.15g, Carbs: 10.57±0.57g] | Water-Soluble Vitamins [Folate (B9): 1.54±0.29 mcg, Vitamin C: 51.11±4.69 mg, B1: 6 mg, B2: 0.28±0.029 mg] | Fat-Soluble Vitamins [Vitamin A: 6 mcg, Vitamin D2: 1.98±0.08 mcg, Vitamin E: 1.50±0.84 mg] | Minerals [Calcium: 1.31±0.31 mg, Iron: 3.48±0.70 mg, Magnesium: 0.002±0.001 mg, Zinc: 135±17.2 mg] | Minerals [Calcium: 167±35.6 mg, Iron: 1.60±0.33 mg, Magnesium: 0.098±0.036 mg, Zinc: 0.188±0.054 mg]"
G027,[G027] Mace (Myristica fragrans),"Macronutrients [Protein: 6.24±0.27g, Fat: 2.47±0.28g, Carbs: 26.51±0.81g] | Water-Soluble Vitamins [Folate (B9): 1.80±0.27 mcg, Vitamin C: 32.65±2.63 mg, B1: 6 mg, B2: 0.13±0.020 mg] | Fat-Soluble Vitamins [Vitamin A: 6 mcg, Vitamin D2: 44.92±2.28 mcg, Vitamin E: 70.44±4.62 mg] | Minerals [Calcium: 1.99±0.42 mg, Iron: 4.70±1.95 mg, Magnesium: 0.001±0.001 mg, Zinc: 174±3.5 mg] | Minerals [Calcium: 207±25.1 mg, Iron: 2.12±0.73 mg, Magnesium: 0.013±0.009 mg, Zinc: 0.259±0.093 mg]"
G028,[G028] Nutmeg (Myristica fragrans),"Macronutrients [Protein: 6.30±0.24g, Fat: 1.99±0.11g, Carbs: 27.64±0.70g] | Water-Soluble Vitamins [Folate (B9): 1.59±0.27 mcg, Vitamin C: 74.78±6.70 mg, B1: 6 mg, B2: 0.04±0.015 mg] | Fat-Soluble Vitamins [Vitamin A: 6 mcg, Vitamin D2: 46.67±0.45 mcg, Vitamin E: 60.92±1.42 mg] | Minerals [Calcium: 0.68±0.19 mg, Iron: 148±12.1 mg, Magnesium: 0.006±0.002 mg, Zinc: 0.001±0.000 mg] | Minerals [Calcium: 212±25.0 mg, Iron: 3.42±0.17 mg, Magnesium: 0.007±0.005 mg, Zinc: 0.221±0.060 mg]"
G029,[G029] Omum (Trachyspermum ammi),"Macronutrients [Protein: 15.89±0.61g, Fat: 8.18±0.23g, Carbs: 24.53±0.68g] | Water-Soluble Vitamins [Folate (B9): 1.78±0.30 mcg, Vitamin C: 51.79±1.08 mg, B1: 6 mg, B2: 0.30±0.032 mg] | Fat-Soluble Vitamins [Vitamin A: 6 mcg, Vitamin D2: 2.62±0.19 mcg, Vitamin E: 30.36±3.99 mg] | Minerals [Calcium: 6.71±1.12 mg, Iron: 8.32±6.00 mg, Magnesium: 0.005±0.002 mg, Zinc: 1034±144 mg] | Minerals [Calcium: 273±22.3 mg, Iron: 6.86±0.92 mg, Magnesium: 0.053±0.018 mg, Zinc: 0.296±0.069 mg]"
G030,[G030] Pippali (Piper longum),"Macronutrients [Protein: 10.53±0.45g, Fat: 6.41±0.07g, Carbs: 35.70±0.45g] | Water-Soluble Vitamins [Folate (B9): 2.34±0.37 mcg, Vitamin C: 66.45±15.02 mg, B1: 6 mg, B2: 0.06±0.011 mg] | Fat-Soluble Vitamins [Vitamin A: 6 mcg, Vitamin D2: 118±1.6 mcg, Vitamin E: 93.45±1.89 mg] | Minerals [Calcium: 4.48±0.34 mg, Iron: 3.71±1.07 mg, Magnesium: 0.001±0.000 mg, Zinc: 414±66.2 mg] | Minerals [Calcium: 189±46.0 mg, Iron: 1.85±0.70 mg, Magnesium: 0.040±0.021 mg, Zinc: 0.218±0.117 mg]"
G031,"[G031] Pepper, black (Piper nigrum)","Macronutrients [Protein: 10.12±0.40g, Fat: 4.58±0.13g, Carbs: 36.22±0.45g] | Water-Soluble Vitamins [Folate (B9): 3.49±0.38 mcg, Vitamin C: 21.89±2.08 mg, B1: 6 mg, B2: 0.06±0.012 mg] | Fat-Soluble Vitamins [Vitamin A: 6 mcg, Vitamin D2: 25.68±0.51 mcg, Vitamin E: 171±31.5 mg] | Minerals [Calcium: 6.37±2.16 mg, Iron: 2.01±0.35 mg, Magnesium: 0.001±0.000 mg, Zinc: 405±40.9 mg] | Minerals [Calcium: 196±68.8 mg, Iron: 7.50±1.22 mg, Magnesium: 0.022±0.014 mg, Zinc: 0.269±0.088 mg]"
G032,[G032] Poppy seeds (Papaver somniferum),"Macronutrients [Protein: 20.31±0.40g, Fat: 6.04±0.19g, Carbs: 12.37±1.95g] | Water-Soluble Vitamins [Folate (B9): 3.25±0.18 mcg, Vitamin C: 78.73±7.90 mg, B1: 6 mg, B2: 0.87±0.081 mg] | Fat-Soluble Vitamins [Vitamin A: 6 mcg, Vitamin D2: 33.92±1.81 mcg, Vitamin E: 95.18±2.16 mg] | Minerals [Calcium: 2.81±0.82 mg, Iron: 0.005±0.002 mg, Magnesium: 1372±194 mg, Zinc: 0.030±0.009 mg] | Minerals [Calcium: 393±60.9 mg, Iron: 7.14±1.11 mg, Magnesium: 0.103±0.030 mg, Zinc: 0.143±0.039 mg]"
G033,[G033] Turmeric powder (Curcuma domestica),"Macronutrients [Protein: 7.66±0.44g, Fat: 6.13±0.38g, Carbs: 49.22±0.55g] | Water-Soluble Vitamins [Folate (B9): 0.76±0.14 mcg, Vitamin C: 13.86±2.38 mg, B1: 6 mg, B2: 0.06±0.004 mg] | Fat-Soluble Vitamins [Vitamin A: 6 mcg, Vitamin D2: 18.67±1.38 mcg, Vitamin E: 12.80±1.26 mg] | Minerals [Calcium: 12.55±2.14 mg, Iron: 1.84±0.52 mg, Magnesium: 0.001±0.002 mg, Zinc: 122±20.9 mg] | Minerals [Calcium: 260±16.2 mg, Iron: 8.09±1.55 mg, Magnesium: 1.93±0.52 mg, Zinc: 0.047±0.048 mg]"
H001,[H001] Almond (Prunus amygdalus),"Macronutrients [Protein: 18.41±0.04g, Fat: 2.62±0.13g, Carbs: 3.04±0.24g] | Water-Soluble Vitamins [Folate (B9): 36.46±5.67 mcg, Vitamin C: 0.74±0.07 mg, B1: 6 mg, B2: 0.15±0.024 mg] | Fat-Soluble Vitamins [Vitamin A: 6 mcg, Vitamin D2: 1.61±0.16 mcg, Vitamin E: 8.40±0.93 mg] | Minerals [Calcium: 0.88±0.32 mg, Iron: 228±10.2 mg, Magnesium: 0.006±0.003 mg, Zinc: 0.007±0.002 mg] | Minerals [Calcium: 318±49.5 mg, Iron: 2.54±0.20 mg, Magnesium: 0.033±0.012 mg, Zinc: 0.130±0.027 mg]"
H002,"[H002] Arecanut, dried, brown (Areca catechu)","Macronutrients [Protein: 5.78±0.45g, Fat: 1.39±0.09g, Carbs: 70.42±0.81g] | Water-Soluble Vitamins [Folate (B9): 1.66±0.16 mcg, Vitamin C: 7.54±0.86 mg, B1: 6 mg, B2: 0.04±0.012 mg] | Fat-Soluble Vitamins [Vitamin A: 6 mcg, Vitamin D2: 12.77±1.10 mcg, Vitamin E: 3.78±0.57 mg] | Minerals [Calcium: 1.68±0.97 mg, Iron: 61±13.25 mg, Magnesium: 0.045±0.020 mg, Zinc: 0.003±0.003 mg] | Minerals [Calcium: 76.39±17.49 mg, Iron: 2.14±0.75 mg, Magnesium: 0.005±0.003 mg, Zinc: 0.111±0.057 mg]"
H003,"[H003] Arecanut, dried, red color (Areca catechu)","Macronutrients [Protein: 6.46±0.51g, Fat: 1.41±0.04g, Carbs: 70.27±0.96g] | Water-Soluble Vitamins [Folate (B9): 2.94±0.17 mcg, Vitamin C: 8.57±0.46 mg, B1: 3 mg, B2: 0.03±0.007 mg] | Fat-Soluble Vitamins [Vitamin A: 3 mcg, Vitamin D2: 12.60±1.17 mcg, Vitamin E: 3.90±0.55 mg] | Minerals [Calcium: 1.05±0.33 mg, Iron: 0.001±0.000 mg, Magnesium: 51±11.33 mg, Zinc: 0.029±0.016 mg] | Minerals [Calcium: 91.01±14.45 mg, Iron: 2.32±0.84 mg, Magnesium: 0.022±0.036 mg, Zinc: 0.104±0.019 mg]"
H004,"[H004] Arecanut, fresh (Areca catechu)","Macronutrients [Protein: 2.73g, Fat: 1.43g, Carbs: 45.00g] | Water-Soluble Vitamins [Folate (B9): 1.70 mcg, Vitamin C: 26.51 mg, B1: 2 mg, B2: 0.038 mg] | Fat-Soluble Vitamins [Vitamin A: 2 mcg, Vitamin D2: 11.03 mcg, Vitamin E: 3.71 mg] | Minerals [Calcium: 47.60 mg, Iron: 1.36 mg, Magnesium: 90.48 mg, Zinc: 329 mg]"
H005,[H005] Cashew nut (Anacardium occidentale),"Macronutrients [Protein: 18.78±0.58g, Fat: 2.25±0.08g, Carbs: 25.46±0.70g] | Water-Soluble Vitamins [Folate (B9): 2.58±0.33 mcg, Vitamin C: 25.20±5.11 mg, B1: 6 mg, B2: 0.61±0.042 mg] | Fat-Soluble Vitamins [Vitamin A: 6 mcg, Vitamin D2: 3.85±0.23 mcg, Vitamin E: 1.83±0.21 mg] | Minerals [Calcium: 0.18±0.11 mg, Iron: 34±2.98 mg, Magnesium: 0.002±0.001 mg, Zinc: 0.004±0.001 mg] | Minerals [Calcium: 307±46.6 mg, Iron: 1.78±0.08 mg, Magnesium: 0.025±0.011 mg, Zinc: 0.607±0.145 mg]"
H006,"[H006] Coconut, kernel, dry (Cocos nucifera)","Macronutrients [Protein: 7.27±0.02g, Fat: 1.61±0.17g, Carbs: 8.01±1.02g] | Water-Soluble Vitamins [Folate (B9): 1.01±0.07 mcg, Vitamin C: 24.27±3.16 mg, B1: 6 mg, B2: 0.04±0.005 mg] | Fat-Soluble Vitamins [Vitamin A: 6 mcg, Vitamin D2: 6.02±0.54 mcg, Vitamin E: 2.88±0.57 mg] | Minerals [Calcium: 0.41±0.05 mg, Iron: 0.001±0.000 mg, Magnesium: 32±4.51 mg, Zinc: 0.013±0.012 mg] | Minerals [Calcium: 97.21±14.66 mg, Iron: 1.61±0.40 mg, Magnesium: 2.10±0.65 mg, Zinc: 0.025±0.013 mg]"
H007,"[H007] Coconut, kernel, fresh (Cocos nucifera)","Macronutrients [Protein: 3.84±0.04g, Fat: 1.93±0.15g, Carbs: 6.30±0.43g] | Water-Soluble Vitamins [Folate (B9): 25.41±2.66 mcg, Vitamin C: 0.80±0.24 mg, B1: 6 mg, B2: 0.03±0.003 mg] | Fat-Soluble Vitamins [Vitamin A: 6 mcg, Vitamin D2: 2.39±1.11 mcg, Vitamin E: 23.22±1.76 mg] | Minerals [Calcium: 0.03±0.01 mg, Iron: 0.001±0.000 mg, Magnesium: 8±1.42 mg, Zinc: 0.003±0.002 mg] | Minerals [Calcium: 35±11.30 mg, Iron: 0.74±0.15 mg, Magnesium: 0.012±0.008 mg, Zinc: 0.050±0.025 mg]"
H008,"[H008] Garden cress, seeds (Lepidium sativum)","Macronutrients [Protein: 23.36±0.32g, Fat: 6.37±0.11g, Carbs: 33.66±0.50g] | Water-Soluble Vitamins [Folate (B9): 8.66±0.62 mcg, Vitamin C: 30.92±6.34 mg, B1: 5 mg, B2: 0.52±0.023 mg] | Fat-Soluble Vitamins [Vitamin A: 5 mcg, Vitamin D2: 1.92±0.11 mcg, Vitamin E: 24.66±3.01 mg] | Minerals [Calcium: 11.01±10.33 mg, Iron: 0.008±0.003 mg, Magnesium: 318±54.8 mg, Zinc: 0.019±0.010 mg] | Minerals [Calcium: 307±11.9 mg, Iron: 2.87±0.35 mg, Magnesium: 0.033±0.007 mg, Zinc: 0.128±0.045 mg]"
H009,"[H009] Gingelly seeds, black (Sesamum indicum)","Macronutrients [Protein: 19.17±0.64g, Fat: 5.78±0.22g, Carbs: 10.29±0.74g] | Water-Soluble Vitamins [Folate (B9): 3.06±0.39 mcg, Vitamin C: 127±11.8 mg, B1: 6 mg, B2: 0.34±0.027 mg] | Fat-Soluble Vitamins [Vitamin A: 6 mcg, Vitamin D2: 67.83±4.18 mcg, Vitamin E: 110±6.1 mg] | Minerals [Calcium: 2.08±0.32 mg, Iron: 0.004±0.002 mg, Magnesium: 1664±329 mg, Zinc: 0.029±0.014 mg] | Minerals [Calcium: 390±53.1 mg, Iron: 2.53±0.32 mg, Magnesium: 0.075±0.021 mg, Zinc: 0.262±0.100 mg]"
H010,"[H010] Gingelly seeds, brown (Sesamum indicum)","Macronutrients [Protein: 21.61±0.71g, Fat: 4.58±0.13g, Carbs: 9.76±1.01g] | Water-Soluble Vitamins [Folate (B9): 3.48±0.24 mcg, Vitamin C: 92.63±5.90 mg, B1: 4 mg, B2: 0.27±0.025 mg] | Fat-Soluble Vitamins [Vitamin A: 4 mcg, Vitamin D2: 76.51±2.78 mcg, Vitamin E: 113±7.6 mg] | Minerals [Calcium: 2.50±0.69 mg, Iron: 0.001±0.001 mg, Magnesium: 1174±189 mg, Zinc: 0.020±0.009 mg] | Minerals [Calcium: 328±13.3 mg, Iron: 1.76±0.19 mg, Magnesium: 0.114±0.029 mg, Zinc: 0.113±0.030 mg]"
H011,"[H011] Gingelly seeds, white (Sesamum indicum)","Macronutrients [Protein: 21.70±0.44g, Fat: 4.13±0.16g, Carbs: 10.83±0.50g] | Water-Soluble Vitamins [Folate (B9): 3.46±0.46 mcg, Vitamin C: 131±4.3 mg, B1: 5 mg, B2: 0.36±0.047 mg] | Fat-Soluble Vitamins [Vitamin A: 5 mcg, Vitamin D2: 62.74±3.34 mcg, Vitamin E: 106±2.4 mg] | Minerals [Calcium: 372±39.9 mg, Iron: 1.74±0.15 mg, Magnesium: 0.126±0.036 mg, Zinc: 0.116±0.039 mg]"
H012,[H012] Ground nut (Arachis hypogaea),"Macronutrients [Protein: 23.65±0.85g, Fat: 2.11±0.07g, Carbs: 17.27±0.33g] | Water-Soluble Vitamins [Folate (B9): 1.61±0.22 mcg, Vitamin C: 90.87±4.80 mg, B1: 6 mg, B2: 0.57±0.052 mg] | Fat-Soluble Vitamins [Vitamin A: 6 mcg, Vitamin D2: 7.10±0.72 mcg, Vitamin E: 2.50±0.75 mg] | Minerals [Calcium: 3.16±0.39 mg, Iron: 0.002±0.001 mg, Magnesium: 54±7.37 mg, Zinc: 0.007±0.002 mg] | Minerals [Calcium: 197±15.5 mg, Iron: 1.62±0.07 mg, Magnesium: 1.37±0.00 mg, Zinc: 0.108±0.024 mg]"
H013,[H013] Mustard seeds (Brassica nigra),"Macronutrients [Protein: 19.51±0.23g, Fat: 3.73±0.05g, Carbs: 16.80±0.71g] | Water-Soluble Vitamins [Folate (B9): 1.45±0.36 mcg, Vitamin C: 94.88±4.67 mg, B1: 6 mg, B2: 0.55±0.065 mg] | Fat-Soluble Vitamins [Vitamin A: 6 mcg, Vitamin D2: 31.79±1.56 mcg, Vitamin E: 8.20±1.27 mg] | Minerals [Calcium: 7.78±1.60 mg, Iron: 5.84±1.58 mg, Magnesium: 0.004±0.002 mg, Zinc: 402±54.0 mg] | Minerals [Calcium: 266±47.3 mg, Iron: 4.23±1.18 mg, Magnesium: 0.028±0.010 mg, Zinc: 0.076±0.036 mg]"
H014,[H014] Linseeds (Linum usitatissimum),"Macronutrients [Protein: 18.55±0.15g, Fat: 3.15±0.10g, Carbs: 10.99±0.86g] | Water-Soluble Vitamins [Folate (B9): 21.25±0.49 mcg, Vitamin C: 86.50±2.75 mg, B1: 6 mg, B2: 0.28±0.018 mg] | Fat-Soluble Vitamins [Vitamin A: 6 mcg, Vitamin D2: 0.55±0.13 mcg, Vitamin E: 19.17±0.70 mg] | Minerals [Calcium: 8.25±3.18 mg, Iron: 0.009±0.002 mg, Magnesium: 257±14.0 mg, Zinc: 0.001±0.000 mg] | Minerals [Calcium: 349±19.8 mg, Iron: 2.14±0.23 mg, Magnesium: 0.022±0.009 mg, Zinc: 0.171±0.052 mg]"
H015,"[H015] Niger seeds, black (Guizotia abyssinica)","Macronutrients [Protein: 18.92±1.61g, Fat: 3.91±0.26g, Carbs: 22.98±2.64g] | Water-Soluble Vitamins [Folate (B9): 2.37±0.11 mcg, Vitamin C: 140±29.3 mg, B1: 4 mg, B2: 0.46±0.043 mg] | Fat-Soluble Vitamins [Vitamin A: 4 mcg, Vitamin D2: 2.52±0.41 mcg, Vitamin E: 110±13.5 mg] | Minerals [Calcium: 11.94±3.46 mg, Iron: 3.35±0.16 mg, Magnesium: 0.001±0.001 mg, Zinc: 572±37.1 mg] | Minerals [Calcium: 346±41.0 mg, Iron: 3.08±0.19 mg, Magnesium: 0.030±0.018 mg, Zinc: 0.257±0.036 mg]"
H016,"[H016] Niger seeds, gray (Guizotia abyssinica)","Macronutrients [Protein: 18.34±2.11g, Fat: 4.92±0.22g, Carbs: 20.59±1.85g] | Water-Soluble Vitamins [Folate (B9): 2.40±0.29 mcg, Vitamin C: 73.13±4.56 mg, B1: 5 mg, B2: 0.38±0.064 mg] | Fat-Soluble Vitamins [Vitamin A: 5 mcg, Vitamin D2: 2.70±0.18 mcg, Vitamin E: 105±14.3 mg] | Minerals [Calcium: 13.84±2.87 mg, Iron: 3.02±0.38 mg, Magnesium: 0.004±0.006 mg, Zinc: 375±58.1 mg] | Minerals [Calcium: 379±69.3 mg, Iron: 4.44±0.14 mg, Magnesium: 0.048±0.026 mg, Zinc: 0.293±0.104 mg]"
H017,[H017] Pine seed (Pinus sp.),"Macronutrients [Protein: 12.55±0.25g, Fat: 2.78±0.10g, Carbs: 26.77±0.35g] | Water-Soluble Vitamins [Folate (B9): 18.46±0.62 mcg, Vitamin C: 31.64±2.70 mg, B1: 5 mg, B2: 0.36±0.051 mg] | Fat-Soluble Vitamins [Vitamin A: 5 mcg, Vitamin D2: 0.61±0.08 mcg, Vitamin E: 44.55±2.44 mg] | Minerals [Calcium: 7.00±1.48 mg, Iron: 0.004±0.001 mg, Magnesium: 17±1.27 mg, Zinc: 0.002±0.001 mg] | Minerals [Calcium: 268±18.7 mg, Iron: 7.92±0.55 mg, Magnesium: 0.033±0.021 mg, Zinc: 0.191±0.045 mg]"
H018,[H018] Pistachio nuts (Pistacia vera),"Macronutrients [Protein: 23.35±0.35g, Fat: 3.02±0.13g, Carbs: 15.82±0.52g] | Water-Soluble Vitamins [Folate (B9): 11.82±2.20 mcg, Vitamin C: 64.90±7.22 mg, B1: 6 mg, B2: 0.98±0.144 mg] | Fat-Soluble Vitamins [Vitamin A: 6 mcg, Vitamin D2: 1.80±0.34 mcg, Vitamin E: 18.65±0.70 mg] | Minerals [Calcium: 3.09±0.56 mg, Iron: 0.001±0.000 mg, Magnesium: 135±22.4 mg, Zinc: 0.003±0.004 mg] | Minerals [Calcium: 149±3.0 mg, Iron: 0.87±0.06 mg, Magnesium: 0.65±0.33 mg, Zinc: 0.022±0.003 mg]"
H019,[H019] Safflower seeds (Carthamus tinctorius),"Macronutrients [Protein: 17.66±0.54g, Fat: 2.57±0.15g, Carbs: 30.18±1.20g] | Water-Soluble Vitamins [Folate (B9): 17.37±2.17 mcg, Vitamin C: 82.41±1.80 mg, B1: 5 mg, B2: 0.85±0.019 mg] | Fat-Soluble Vitamins [Vitamin A: 5 mcg, Vitamin D2: 1.91±0.17 mcg, Vitamin E: 8.80±1.13 mg] | Minerals [Calcium: 1.19±0.21 mg, Iron: 0.005±0.002 mg, Magnesium: 211±14.5 mg, Zinc: 0.003±0.002 mg] | Minerals [Calcium: 321±49.5 mg, Iron: 0.56±0.81 mg, Magnesium: 0.36±0.10 mg, Zinc: 0.020±0.010 mg]"
H020,[H020] Sunflower seeds (Helianthus annuus),"Macronutrients [Protein: 23.53±0.56g, Fat: 3.44±0.26g, Carbs: 6.85±0.99g] | Water-Soluble Vitamins [Folate (B9): 2.44±0.18 mcg, Vitamin C: 81.79±21.37 mg, B1: 5 mg, B2: 0.59±0.064 mg] | Fat-Soluble Vitamins [Vitamin A: 5 mcg, Vitamin D2: 1.54±0.18 mcg, Vitamin E: 9.20±0.89 mg] | Minerals [Calcium: 1.33±0.51 mg, Iron: 0.005±0.000 mg, Magnesium: 176±27.0 mg, Zinc: 0.009±0.002 mg] | Minerals [Calcium: 413±33.5 mg, Iron: 2.35±0.91 mg, Magnesium: 0.047±0.020 mg, Zinc: 0.322±0.144 mg]"
H021,[H021] Walnut (Juglans regia),"Macronutrients [Protein: 14.92±0.62g, Fat: 1.72±0.08g, Carbs: 10.14±0.69g] | Water-Soluble Vitamins [Folate (B9): 57.95±9.72 mcg, Vitamin C: 0.88±0.10 mg, B1: 6 mg, B2: 0.40±0.020 mg] | Fat-Soluble Vitamins [Vitamin A: 6 mcg, Vitamin D2: 46.31±2.64 mcg, Vitamin E: 84.92±1.55 mg] | Minerals [Calcium: 0.37±0.15 mg, Iron: 0.46±0.52 mg, Magnesium: 105±5.9 mg, Zinc: 0.006±0.007 mg] | Minerals [Calcium: 180±16.2 mg, Iron: 3.47±0.32 mg, Magnesium: 0.020±0.006 mg, Zinc: 0.300±0.079 mg]"
I001,"[I001] Jaggery, cane (Saccharum officinarum)","Macronutrients [Protein: 1.85±0.19g, Fat: 1.92±0.17g, Carbs: 84.87±0.63g] | Water-Soluble Vitamins [Folate (B9): 0.58±0.06 mcg, Vitamin C: 14.40±2.40 mg, B1: 6 mg, B2: 0.04±0.006 mg] | Fat-Soluble Vitamins [Vitamin A: 6 mcg, Vitamin D2: 0.47±0.06 mcg, Vitamin E: 0.04±0.01 mg] | Minerals [Calcium: 2.40±0.82 mg, Iron: 107±19.7 mg, Magnesium: 0.011±0.006 mg, Zinc: 0.006±0.004 mg] | Minerals [Calcium: 115±27.9 mg, Iron: 0.72±0.39 mg, Magnesium: 0.017±0.006 mg, Zinc: 74.53±12.20 mg]"
I002,"[I002] Sugarcane, juice (Saccharum officinarum)","Macronutrients [Protein: 0.16±0.03g, Fat: 0.23±0.02g, Carbs: 13.11±0.93g] | Water-Soluble Vitamins [Folate (B9): 44.53±4.14 mcg, Vitamin C: 6.73±1.56 mg, B1: 6 mg, B2: 0.03±0.003 mg] | Fat-Soluble Vitamins [Vitamin A: 6 mcg, Vitamin D2: 0.41±0.01 mcg, Vitamin E: 0.02±0.01 mg] | Minerals [Calcium: 0.14±0.12 mg, Iron: 18±4.07 mg, Magnesium: 0.002±0.000 mg, Zinc: 0.001±0.000 mg] | Minerals [Calcium: 13.03±6.37 mg, Iron: 0.33±0.23 mg, Magnesium: 0.002±0.000 mg, Zinc: 22.08±5.08 mg]"
J001,"[J001] Button mushroom, fresh (Agaricus sp.)","Macronutrients [Protein: 3.68g, Fat: 0.71g, Carbs: 1.98g] | Water-Soluble Vitamins [Folate (B9): 9.23 mcg, Vitamin C: 8.28 mg, B1: 1 mg, B2: 0.01 mg] | Fat-Soluble Vitamins [Vitamin A: 1 mcg, Vitamin D2: 20.54 mcg, Vitamin E: 12.50 mg] | Minerals [Calcium: 0.13 mg, Iron: 0.15 mg, Magnesium: 0.288 mg, Zinc: 18.38 mg] | Minerals [Calcium: 18.30 mg, Iron: 0.15 mg, Magnesium: 0.002 mg, Zinc: 0.009 mg]"
J002,"[J002] Chicken mushroom, fresh (Lactiporus sp.)","Macronutrients [Protein: 1.84g, Fat: 0.74g, Carbs: 2.76g] | Water-Soluble Vitamins [Folate (B9): 11.13 mcg, Vitamin C: 0.45 mg, B1: 1 mg, B2: 0.37 mg] | Fat-Soluble Vitamins [Vitamin A: 1 mcg, Vitamin D2: 27.58 mcg, Vitamin E: 16.29 mg] | Minerals [Calcium: 10.78 mg, Iron: 0.18 mg, Magnesium: 79.74 mg, Zinc: 340 mg]"
J003,"[J003] Shiitake mushroom, fresh (Lentinula sp.)","Macronutrients [Protein: 3.19g, Fat: 1.11g, Carbs: 8.98g] | Water-Soluble Vitamins [Folate (B9): 10.60 mcg, Vitamin C: 10.92 mg, B1: 1 mg, B2: 0.05 mg] | Fat-Soluble Vitamins [Vitamin A: 1 mcg, Vitamin D2: 36.40 mcg, Vitamin E: 12.50 mg] | Minerals [Calcium: 0.51 mg, Iron: 2.54 mg, Magnesium: 1.154 mg, Zinc: 5.30 mg] | Minerals [Calcium: 24.47 mg, Iron: 0.13 mg, Magnesium: 0.15 mg, Zinc: 0.002 mg]"
J004,"[J004] Oyster mushroom, dried (Pleurotus sp.)","Macronutrients [Protein: 19.04g, Fat: 1.41g, Carbs: 33.07g] | Water-Soluble Vitamins [Folate (B9): 22.51 mcg, Vitamin C: 10.40 mg, B1: 1 mg, B2: 0.24 mg] | Fat-Soluble Vitamins [Vitamin A: 1 mcg, Vitamin D2: 109 mcg, Vitamin E: 11.80 mg] | Minerals [Calcium: 5.17 mg, Iron: 1.95 mg, Magnesium: 3.591 mg, Zinc: 23.61 mg] | Minerals [Calcium: 136 mg, Iron: 1.02 mg, Magnesium: 5.01 mg, Zinc: 0.004 mg]"
K001,[K001] Toddy (Borassus flabellifer),"Macronutrients [Protein: 0.18±0.05g, Fat: 0.21±0.03g, Carbs: 5.72±0.55g] | Water-Soluble Vitamins [Folate (B9): 0.73±0.11 mcg, Vitamin C: 0.92±0.25 mg, B1: 10 mg, B2: 0.01±0.002 mg] | Fat-Soluble Vitamins [Vitamin A: 10 mcg, Vitamin D2: 0.02±0.01 mcg, Vitamin E: 0.01±0.00 mg] | Minerals [Calcium: 3.99±0.64 mg, Iron: 0.02±0.01 mg, Magnesium: 5.82±1.31 mg, Zinc: 83.54±17.52 mg]"
K002,[K002] Coconut Water (Cocos nucifera),"Macronutrients [Protein: 0.26±0.04g, Fat: 0.65±0.06g, Carbs: 3.16±0.39g] | Water-Soluble Vitamins [Folate (B9): 10.88±1.86 mcg, Vitamin C: 0.64±0.11 mg, B1: 6 mg, B2: 0.01±0.000 mg] | Fat-Soluble Vitamins [Vitamin A: 6 mcg, Vitamin D2: 0.45±0.03 mcg, Vitamin E: 2.69±0.18 mg] | Minerals [Calcium: 0.04±0.02 mg, Iron: 27.47±4.28 mg, Magnesium: 0.001±0.001 mg, Zinc: 0.02±0.01 mg] | Minerals [Calcium: 18.19±6.03 mg, Iron: 0.48±0.16 mg, Magnesium: 0.043±0.034 mg, Zinc: 18.05±7.06 mg]"
L001,"[L001] Milk, whole, Buffalo","Macronutrients [Protein: 3.68±0.13g, Fat: 0.67±0.02g, Carbs: 8.39±0.71g] | Water-Soluble Vitamins [Folate (B9): 8.57±0.44 mcg, Vitamin C: 2.37±0.19 mg, B1: 6 mg, B2: 0.05±0.006 mg] | Fat-Soluble Vitamins [Vitamin A: 6 mcg, Vitamin D2: 0.12±0.02 mcg, Vitamin E: 0.19±0.02 mg] | Minerals [Calcium: 0.01±0.00 mg, Iron: 121±3.0 mg, Magnesium: 0.004±0.001 mg, Zinc: 0.005±0.001 mg] | Minerals [Calcium: 10.05±1.46 mg, Iron: 0.01±0.00 mg, Magnesium: 86.94±6.27 mg, Zinc: 109±5.6 mg]"
L002,"[L002] Milk, whole, Cow","Macronutrients [Protein: 3.26±0.06g, Fat: 0.68±0.02g, Carbs: 4.94±1.02g] | Water-Soluble Vitamins [Folate (B9): 7.03±0.39 mcg, Vitamin C: 2.01±0.28 mg, B1: 6 mg, B2: 0.03±0.006 mg] | Fat-Soluble Vitamins [Vitamin A: 6 mcg, Vitamin D2: 0.14±0.02 mcg, Vitamin E: 0.22±0.02 mg] | Minerals [Calcium: 0.01±0.00 mg, Iron: 118±2.9 mg, Magnesium: 0.004±0.001 mg, Zinc: 0.004±0.001 mg] | Minerals [Calcium: 8.28±1.38 mg, Iron: 0.01±0.00 mg, Magnesium: 96.56±9.10 mg, Zinc: 115±4.1 mg]"
L003,[L003] Paneer,"Macronutrients [Protein: 18.86±0.75g, Fat: 1.98±0.08g, Carbs: 2.41±0.12g] | Water-Soluble Vitamins [Folate (B9): 21.04±0.57 mcg, Vitamin C: 93.31±14.37 mg, B1: 6 mg, B2: 0.02±0.000 mg] | Fat-Soluble Vitamins [Vitamin A: 6 mcg, Vitamin D2: 0.13±0.04 mcg, Vitamin E: 0.02±0.01 mg] | Minerals [Calcium: 2.53±0.51 mg, Iron: 476±35.7 mg, Magnesium: 0.110±0.012 mg, Zinc: 0.001±0.001 mg] | Minerals [Calcium: 26.62±1.87 mg, Iron: 0.13±0.05 mg, Magnesium: 0.010±0.006 mg, Zinc: 330±34.6 mg]"
L004,[L004] Khoa,"Macronutrients [Protein: 16.34±0.61g, Fat: 4.00±0.14g, Carbs: 16.53±1.26g] | Water-Soluble Vitamins [Folate (B9): 20.39±0.86 mcg, Vitamin C: 94.25±8.57 mg, B1: 6 mg, B2: 0.11±0.013 mg] | Fat-Soluble Vitamins [Vitamin A: 6 mcg, Vitamin D2: 0.12±0.03 mcg, Vitamin E: 0.03±0.02 mg] | Minerals [Calcium: 3.36±0.34 mg, Iron: 2.89±0.95 mg, Magnesium: 602±79.7 mg, Zinc: 0.119±0.011 mg] | Minerals [Calcium: 58.53±6.04 mg, Iron: 0.08±0.03 mg, Magnesium: 0.008±0.001 mg, Zinc: 476±47.4 mg]"
M001,"[M001] Egg, poultry, whole, raw","Macronutrients [Protein: 13.28±0.29g, Fat: 0.81±0.04g, Carbs: 9.15±0.14g] | Water-Soluble Vitamins [Folate (B9): 18.24±1.33 mcg, Vitamin C: 49.32±2.35 mg, B1: 6 mg, B2: 0.06±0.01 mg] | Fat-Soluble Vitamins [Vitamin A: 6 mcg, Vitamin D2: 198±6.7 mcg, Vitamin E: 14.61±0.27 mg]"
M002,"[M002] Egg, poultry, white, raw","Macronutrients [Protein: 10.84±0.07g, Fat: 0.75±0.03g, Carbs: 0.06±0.01g] | Water-Soluble Vitamins [Folate (B9): 4.36±0.84 mcg, Vitamin C: 4.96±0.39 mg, B1: 6 mg, B2: 0.02±0.01 mg]"
M003,"[M003] Egg, poultry, yolk, raw","Macronutrients [Protein: 15.74±0.33g, Fat: 1.05±0.05g, Carbs: 26.34±0.17g] | Water-Soluble Vitamins [Folate (B9): 65.22±5.01 mcg, Vitamin C: 112±6.1 mg, B1: 6 mg, B2: 0.11±0.01 mg] | Fat-Soluble Vitamins [Vitamin A: 6 mcg, Vitamin D2: 539±26.2 mcg, Vitamin E: 45.14±3.21 mg]"
M004,"[M004] Egg, poultry, whole, boiled","Macronutrients [Protein: 13.43±0.28g, Fat: 0.86±0.04g, Carbs: 10.54±0.19g] | Water-Soluble Vitamins [Folate (B9): 15.36±1.41 mcg, Vitamin C: 48.25±2.37 mg, B1: 6 mg, B2: 0.06±0.01 mg] | Fat-Soluble Vitamins [Vitamin A: 6 mcg, Vitamin D2: 180±10.5 mcg, Vitamin E: 13.02±1.35 mg]"
M005,"[M005] Egg, poultry, white, boiled","Macronutrients [Protein: 12.37±0.16g, Fat: 0.81±0.04g, Carbs: 0.26±0.02g] | Water-Soluble Vitamins [Folate (B9): 4.37±0.27 mcg, Vitamin C: 4.10±0.21 mg, B1: 6 mg, B2: 0.02±0.01 mg]"
M006,"[M006] Egg, poultry, yolk, boiled","Macronutrients [Protein: 16.13±0.45g, Fat: 1.38±0.14g, Carbs: 27.46±0.24g] | Water-Soluble Vitamins [Folate (B9): 58.43±6.73 mcg, Vitamin C: 110±6.1 mg, B1: 6 mg, B2: 0.17±0.01 mg] | Fat-Soluble Vitamins [Vitamin A: 6 mcg, Vitamin D2: 456±31.2 mcg, Vitamin E: 40.29±6.52 mg]"
M007,"[M007] Egg, poultry, omlet","Macronutrients [Protein: 16.53±0.43g, Fat: 0.96±0.03g, Carbs: 11.60±0.22g] | Water-Soluble Vitamins [Folate (B9): 17.13±2.25 mcg, Vitamin C: 37.66±1.03 mg, B1: 3 mg, B2: 0.11±0.02 mg] | Fat-Soluble Vitamins [Vitamin A: 3 mcg, Vitamin D2: 181±18.0 mcg, Vitamin E: 16.62±1.49 mg]"
M008,"[M008] Egg, country hen, whole, raw","Macronutrients [Protein: 13.14g, Fat: 0.86g, Carbs: 13.00g] | Water-Soluble Vitamins [Folate (B9): 19.35 mcg, Vitamin C: 54.60 mg, B1: 1 mg, B2: 0.14 mg] | Fat-Soluble Vitamins [Vitamin A: 1 mcg, Vitamin D2: 206 mcg, Vitamin E: 64.00 mg]"
M009,"[M009] Egg, country hen, whole, boiled","Macronutrients [Protein: 14.43g, Fat: 0.94g, Carbs: 14.10g] | Water-Soluble Vitamins [Folate (B9): 20.15 mcg, Vitamin C: 59.98 mg, B1: 1 mg, B2: 0.11 mg] | Fat-Soluble Vitamins [Vitamin A: 1 mcg, Vitamin D2: 195 mcg, Vitamin E: 60.00 mg]"
M010,"[M010] Egg, country hen, omlet","Macronutrients [Protein: 14.80g, Fat: 1.08g, Carbs: 16.30g] | Water-Soluble Vitamins [Folate (B9): 18.55 mcg, Vitamin C: 58.79 mg, B1: 1 mg, B2: 0.14 mg] | Fat-Soluble Vitamins [Vitamin A: 1 mcg, Vitamin D2: 202 mcg, Vitamin E: 66.00 mg]"
M011,"[M011] Egg, duck, whole, boiled","Macronutrients [Protein: 13.80g, Fat: 0.97g, Carbs: 13.61g] | Water-Soluble Vitamins [Folate (B9): 13.87 mcg, Vitamin C: 73.32 mg, B1: 1 mg, B2: 0.21 mg] | Fat-Soluble Vitamins [Vitamin A: 1 mcg, Vitamin D2: 171 mcg, Vitamin E: 117 mg]"
M012,"[M012] Egg, duck, whole, raw","Macronutrients [Protein: 14.60g, Fat: 0.99g, Carbs: 13.83g] | Water-Soluble Vitamins [Folate (B9): 14.52 mcg, Vitamin C: 75.48 mg, B1: 1 mg, B2: 0.18 mg] | Fat-Soluble Vitamins [Vitamin A: 1 mcg, Vitamin D2: 181 mcg, Vitamin E: 118 mg]"
M013,"[M013] Egg, duck, whole, omlet","Macronutrients [Protein: 15.10g, Fat: 1.18g, Carbs: 14.80g] | Water-Soluble Vitamins [Folate (B9): 13.81 mcg, Vitamin C: 67.95 mg, B1: 1 mg, B2: 0.31 mg] | Fat-Soluble Vitamins [Vitamin A: 1 mcg, Vitamin D2: 166 mcg, Vitamin E: 111 mg]"
M014,"[M014] Egg, quial, whole, raw","Macronutrients [Protein: 12.39g, Fat: 0.94g, Carbs: 11.46g] | Water-Soluble Vitamins [Folate (B9): 18.82 mcg, Vitamin C: 54.86 mg, B1: 1 mg, B2: 0.15 mg] | Fat-Soluble Vitamins [Vitamin A: 1 mcg, Vitamin D2: 151 mcg, Vitamin E: 8.19 mg]"
M015,"[M015] Egg, quial, whole, boiled","Macronutrients [Protein: 13.03g, Fat: 0.99g, Carbs: 11.50g] | Water-Soluble Vitamins [Folate (B9): 16.53 mcg, Vitamin C: 51.72 mg, B1: 1 mg, B2: 0.11 mg] | Fat-Soluble Vitamins [Vitamin A: 1 mcg, Vitamin D2: 140 mcg, Vitamin E: 4.46 mg]"
N001,"[N001] Chicken, poultry, leg, skinless","Macronutrients [Protein: 19.44±0.79g, Fat: 1.14±0.08g, Carbs: 12.64±0.53g] | Water-Soluble Vitamins [Folate (B9): 4.58±0.71 mcg, Vitamin C: 7.47±0.19 mg, B1: 4 mg, B2: 0.17±0.04 mg] | Fat-Soluble Vitamins [Vitamin A: 4 mcg, Vitamin D2: 10.95±2.21 mcg, Vitamin E: 10.78±1.41 mg] | Minerals [Calcium: 0.01±0.00 mg, Iron: 20.52±0.33 mg, Magnesium: 0.25±0.11 mg, Zinc: 1.27±0.23 mg]"
N002,"[N002] Chicken, poultry, thigh, skinless","Macronutrients [Protein: 18.18±0.57g, Fat: 1.14±0.10g, Carbs: 14.23±0.84g] | Water-Soluble Vitamins [Folate (B9): 3.86±0.74 mcg, Vitamin C: 9.00±0.62 mg, B1: 6 mg, B2: 0.13±0.01 mg] | Fat-Soluble Vitamins [Vitamin A: 6 mcg, Vitamin D2: 16.48±2.85 mcg, Vitamin E: 16.17±1.12 mg] | Minerals [Calcium: 0.10±0.00 mg, Iron: 18.37±0.39 mg, Magnesium: 0.23±0.20 mg, Zinc: 1.11±0.16 mg]"
N003,"[N003] Chicken, poultry, breast, skinless","Macronutrients [Protein: 21.81±0.81g, Fat: 1.19±0.09g, Carbs: 9.00±0.52g] | Water-Soluble Vitamins [Folate (B9): 4.11±0.49 mcg, Vitamin C: 10.44±0.55 mg, B1: 5 mg, B2: 0.10±0.04 mg] | Fat-Soluble Vitamins [Vitamin A: 5 mcg, Vitamin D2: 6.96±1.36 mcg, Vitamin E: 27.80±5.84 mg] | Minerals [Calcium: 0.03±0.00 mg, Iron: 12.91±3.41 mg, Magnesium: 0.27±0.23 mg, Zinc: 0.83±0.16 mg]"
N004,"[N004] Chicken, poultry, wing, skinless","Macronutrients [Protein: 17.42±0.60g, Fat: 1.13±0.05g, Carbs: 13.81±0.26g] | Water-Soluble Vitamins [Folate (B9): 3.61±0.55 mcg, Vitamin C: 7.87±0.45 mg, B1: 5 mg, B2: 0.08±0.02 mg] | Fat-Soluble Vitamins [Vitamin A: 5 mcg, Vitamin D2: 31.21±4.75 mcg, Vitamin E: 28.17±3.06 mg] | Minerals [Calcium: 0.02±0.00 mg, Iron: 28.13±3.66 mg, Magnesium: 0.43±0.29 mg, Zinc: 1.38±0.29 mg]"
N005,"[N005] Poultry, chicken, liver","Macronutrients [Protein: 21.57g, Fat: 1.11g, Carbs: 4.08g] | Water-Soluble Vitamins [Folate (B9): 4.07 mcg, Vitamin C: 1032 mg, B1: 1 mg, B2: 0.28 mg] | Fat-Soluble Vitamins [Vitamin A: 1 mcg, Vitamin D2: 3486 mcg, Vitamin E: 14.30 mg] | Minerals [Calcium: 16 mg, Iron: 0.21 mg, Magnesium: 244 mg, Zinc: 241 mg]"
N006,"[N006] Poultry, chicken, gizzard","Macronutrients [Protein: 18.22g, Fat: 1.46g, Carbs: 2.07g] | Water-Soluble Vitamins [Folate (B9): 5.12 mcg, Vitamin C: 8.72 mg, B1: 1 mg, B2: 0.01 mg] | Fat-Soluble Vitamins [Vitamin A: 1 mcg, Vitamin D2: 46.78 mcg, Vitamin E: 28.58 mg] | Minerals [Calcium: 14 mg, Iron: 0.03 mg, Magnesium: 119 mg, Zinc: 244 mg]"
N007,"[N007] Country hen, leg, with skin","Macronutrients [Protein: 17.01g, Fat: 1.20g, Carbs: 11.73g] | Water-Soluble Vitamins [Folate (B9): 4.60 mcg, Vitamin C: 8.10 mg, B1: 1 mg, B2: 0.17 mg] | Fat-Soluble Vitamins [Vitamin A: 1 mcg, Vitamin D2: 17.44 mcg, Vitamin E: 11.31 mg] | Minerals [Calcium: 25 mg, Iron: 0.03 mg, Magnesium: 250 mg, Zinc: 357 mg]"
N008,"[N008] Country hen, thigh, with skin","Macronutrients [Protein: 18.29g, Fat: 1.23g, Carbs: 12.82g] | Water-Soluble Vitamins [Folate (B9): 2.91 mcg, Vitamin C: 10.42 mg, B1: 1 mg, B2: 0.11 mg] | Fat-Soluble Vitamins [Vitamin A: 1 mcg, Vitamin D2: 27.00 mcg, Vitamin E: 18.50 mg] | Minerals [Calcium: 24 mg, Iron: 0.02 mg, Magnesium: 232 mg, Zinc: 330 mg]"
N009,"[N009] Country hen, breast, with skin","Macronutrients [Protein: 22.08g, Fat: 1.14g, Carbs: 10.20g] | Water-Soluble Vitamins [Folate (B9): 3.06 mcg, Vitamin C: 12.98 mg, B1: 1 mg, B2: 0.11 mg] | Fat-Soluble Vitamins [Vitamin A: 1 mcg, Vitamin D2: 8.52 mcg, Vitamin E: 28.88 mg] | Minerals [Calcium: 22 mg, Iron: 0.01 mg, Magnesium: 222 mg, Zinc: 365 mg]"
N010,"[N010] Country hen, wing, with skin","Macronutrients [Protein: 18.65g, Fat: 1.14g, Carbs: 12.09g] | Water-Soluble Vitamins [Folate (B9): 5.13 mcg, Vitamin C: 9.19 mg, B1: 1 mg, B2: 0.07 mg] | Fat-Soluble Vitamins [Vitamin A: 1 mcg, Vitamin D2: 27.52 mcg, Vitamin E: 31.65 mg] | Minerals [Calcium: 25 mg, Iron: 0.02 mg, Magnesium: 235 mg, Zinc: 249 mg]"
N011,"[N011] Duck, meat, with skin","Macronutrients [Protein: 19.07g, Fat: 1.22g, Carbs: 6.03g] | Water-Soluble Vitamins [Folate (B9): 4.27 mcg, Vitamin C: 27.98 mg, B1: 1 mg, B2: 0.22 mg] | Fat-Soluble Vitamins [Vitamin A: 1 mcg, Vitamin D2: 48.86 mcg, Vitamin E: 7.88 mg] | Minerals [Calcium: 22.77 mg, Iron: 0.001 mg, Magnesium: 1.00 mg, Zinc: 4.26 mg] | Minerals [Calcium: 26 mg, Iron: 0.06 mg, Magnesium: 237 mg, Zinc: 273 mg]"
N012,"[N012] Emu, meat, skinless","Macronutrients [Protein: 22.65g, Fat: 0.98g, Carbs: 4.62g] | Water-Soluble Vitamins [Folate (B9): 0.35 mcg, Vitamin C: 7.07 mg, B1: 1 mg, B2: 0.10 mg] | Fat-Soluble Vitamins [Vitamin A: 1 mcg, Vitamin D2: 2.84 mcg, Vitamin E: 8.06 mg] | Minerals [Calcium: 7.40 mg, Iron: 0.002 mg, Magnesium: 0.65 mg, Zinc: 3.95 mg] | Minerals [Calcium: 25 mg, Iron: 0.04 mg, Magnesium: 243 mg, Zinc: 275 mg]"
N013,"[N013] Guinea fowl, meat, with skin","Macronutrients [Protein: 20.52g, Fat: 0.92g, Carbs: 3.24g] | Water-Soluble Vitamins [Folate (B9): 0.58 mcg, Vitamin C: 5.69 mg, B1: 1 mg, B2: 0.02 mg] | Fat-Soluble Vitamins [Vitamin A: 1 mcg, Vitamin D2: 2.26 mcg, Vitamin E: 11.05 mg] | Minerals [Calcium: 30.77 mg, Iron: 0.002 mg, Magnesium: 0.17 mg, Zinc: 2.20 mg] | Minerals [Calcium: 21 mg, Iron: 0.03 mg, Magnesium: 187 mg, Zinc: 240 mg]"
N014,"[N014] Pigeon, meat, with skin","Macronutrients [Protein: 17.94g, Fat: 1.32g, Carbs: 6.03g] | Water-Soluble Vitamins [Folate (B9): 0.48 mcg, Vitamin C: 8.41 mg, B1: 1 mg, B2: 0.18 mg] | Fat-Soluble Vitamins [Vitamin A: 1 mcg, Vitamin D2: 15.25 mcg, Vitamin E: 7.10 mg] | Minerals [Calcium: 29 mg, Iron: 0.04 mg, Magnesium: 255 mg, Zinc: 346 mg]"
N015,"[N015] Quail, meat, skinless","Macronutrients [Protein: 20.92g, Fat: 1.35g, Carbs: 5.95g] | Water-Soluble Vitamins [Folate (B9): 0.56 mcg, Vitamin C: 9.33 mg, B1: 1 mg, B2: 0.05 mg] | Fat-Soluble Vitamins [Vitamin A: 1 mcg, Vitamin D2: 12.84 mcg, Vitamin E: 7.30 mg] | Minerals [Calcium: 31 mg, Iron: 0.05 mg, Magnesium: 300 mg, Zinc: 333 mg]"
N016,"[N016] Turkey, leg, with skin","Macronutrients [Protein: 20.30g, Fat: 1.21g, Carbs: 8.15g] | Water-Soluble Vitamins [Folate (B9): 0.48 mcg, Vitamin C: 8.55 mg, B1: 1 mg, B2: 0.05 mg] | Fat-Soluble Vitamins [Vitamin A: 1 mcg, Vitamin D2: 8.15 mcg, Vitamin E: 18.46 mg] | Minerals [Calcium: 20.44 mg, Iron: 0.001 mg, Magnesium: 0.53 mg, Zinc: 2.01 mg] | Minerals [Calcium: 26 mg, Iron: 0.04 mg, Magnesium: 236 mg, Zinc: 308 mg]"
N017,"[N017] Turkey, thigh, with skin","Macronutrients [Protein: 20.46g, Fat: 0.97g, Carbs: 6.31g] | Water-Soluble Vitamins [Folate (B9): 0.51 mcg, Vitamin C: 10.91 mg, B1: 1 mg, B2: 0.04 mg] | Fat-Soluble Vitamins [Vitamin A: 1 mcg, Vitamin D2: 13.11 mcg, Vitamin E: 25.36 mg] | Minerals [Calcium: 23 mg, Iron: 0.02 mg, Magnesium: 194 mg, Zinc: 280 mg]"
N018,"[N018] Turkey, breast, with skin","Macronutrients [Protein: 21.96g, Fat: 1.01g, Carbs: 8.04g] | Water-Soluble Vitamins [Folate (B9): 0.56 mcg, Vitamin C: 14.67 mg, B1: 1 mg, B2: 0.06 mg] | Fat-Soluble Vitamins [Vitamin A: 1 mcg, Vitamin D2: 8.97 mcg, Vitamin E: 26.43 mg] | Minerals [Calcium: 22 mg, Iron: 0.02 mg, Magnesium: 182 mg, Zinc: 315 mg]"
N019,"[N019] Turkey, wing, with skin","Macronutrients [Protein: 21.91g, Fat: 0.97g, Carbs: 10.77g] | Water-Soluble Vitamins [Folate (B9): 0.45 mcg, Vitamin C: 10.41 mg, B1: 1 mg, B2: 0.03 mg] | Fat-Soluble Vitamins [Vitamin A: 1 mcg, Vitamin D2: 18.07 mcg, Vitamin E: 18.43 mg] | Minerals [Calcium: 33.49 mg, Iron: 0.001 mg, Magnesium: 0.20 mg, Zinc: 1.00 mg] | Minerals [Calcium: 24 mg, Iron: 0.02 mg, Magnesium: 199 mg, Zinc: 262 mg]"
O001,"[O001] Goat, shoulder","Macronutrients [Protein: 20.33±0.50g, Fat: 0.90±0.02g, Carbs: 11.94±0.78g] | Water-Soluble Vitamins [Folate (B9): 0.26±0.03 mcg, Vitamin C: 2.08±0.44 mg, B1: 6 mg, B2: 0.07±0.01 mg] | Fat-Soluble Vitamins [Vitamin A: 6 mcg, Vitamin D2: 7.57±1.04 mcg, Vitamin E: 5.80±1.29 mg] | Minerals [Calcium: 0.29±0.06 mg, Iron: 0.71±0.32 mg, Magnesium: 6.18±1.58 mg, Zinc: 0.008±0.005 mg] | Minerals [Calcium: 21.39±1.54 mg, Iron: 0.02±0.00 mg, Magnesium: 0.25±0.30 mg, Zinc: 0.01±0.00 mg]"
O002,"[O002] Goat, chops","Macronutrients [Protein: 20.39±0.83g, Fat: 0.99±0.01g, Carbs: 5.98±0.37g] | Water-Soluble Vitamins [Folate (B9): 0.30±0.02 mcg, Vitamin C: 1.53±0.10 mg, B1: 6 mg, B2: 0.05±0.01 mg] | Fat-Soluble Vitamins [Vitamin A: 6 mcg, Vitamin D2: 2.55±0.50 mcg, Vitamin E: 6.50±1.06 mg] | Minerals [Calcium: 0.16±0.02 mg, Iron: 0.76±0.41 mg, Magnesium: 7.44±0.28 mg, Zinc: 0.012±0.007 mg] | Minerals [Calcium: 21.13±2.10 mg, Iron: 0.02±0.01 mg, Magnesium: 0.19±0.13 mg, Zinc: 0.01±0.00 mg]"
O003,"[O003] Goat, legs","Macronutrients [Protein: 22.07±0.63g, Fat: 0.97±0.03g, Carbs: 7.94±0.62g] | Water-Soluble Vitamins [Folate (B9): 0.31±0.02 mcg, Vitamin C: 2.25±0.59 mg, B1: 6 mg, B2: 0.07±0.01 mg] | Fat-Soluble Vitamins [Vitamin A: 6 mcg, Vitamin D2: 8.51±1.19 mcg, Vitamin E: 9.50±1.86 mg] | Minerals [Calcium: 0.13±0.02 mg, Iron: 1.20±0.69 mg, Magnesium: 5.76±0.97 mg, Zinc: 0.007±0.003 mg] | Minerals [Calcium: 21.71±1.72 mg, Iron: 0.01±0.00 mg, Magnesium: 0.01±0.01 mg, Zinc: 0.01±0.00 mg]"
O004,"[O004] Goat, brain","Macronutrients [Protein: 13.82±0.80g, Fat: 1.29±0.07g, Carbs: 8.06±0.46g] | Water-Soluble Vitamins [Folate (B9): 0.28±0.04 mcg, Vitamin C: 1.30±0.18 mg, B1: 5 mg, B2: 0.13±0.02 mg] | Fat-Soluble Vitamins [Vitamin A: 5 mcg, Vitamin D2: 1.98±0.92 mcg, Vitamin E: 3.80±1.23 mg] | Minerals [Calcium: 0.22±0.04 mg, Iron: 0.56±0.20 mg, Magnesium: 10.61±0.24 mg, Zinc: 0.011±0.012 mg] | Minerals [Calcium: 13.94±0.67 mg, Iron: 0.04±0.01 mg, Magnesium: 0.03±0.02 mg, Zinc: 0.01±0.00 mg]"
O005,"[O005] Goat, tongue","Macronutrients [Protein: 16.63±0.54g, Fat: 1.02±0.04g, Carbs: 13.68±1.09g] | Water-Soluble Vitamins [Folate (B9): 0.17±0.04 mcg, Vitamin C: 2.54±0.18 mg, B1: 4 mg, B2: 0.14±0.00 mg] | Fat-Soluble Vitamins [Vitamin A: 4 mcg, Vitamin D2: 8.95±2.16 mcg, Vitamin E: 1.70±0.16 mg] | Minerals [Calcium: 0.40±0.04 mg, Iron: 0.57±0.18 mg, Magnesium: 7.11±0.14 mg, Zinc: 0.014±0.004 mg] | Minerals [Calcium: 19.39±2.23 mg, Iron: 0.04±0.01 mg, Magnesium: 0.20±0.19 mg, Zinc: 0.01±0.01 mg]"
O006,"[O006] Goat, lungs","Macronutrients [Protein: 16.86±0.71g, Fat: 0.74±0.01g, Carbs: 3.09±0.56g] | Water-Soluble Vitamins [Folate (B9): 0.14±0.03 mcg, Vitamin C: 1.80±0.44 mg, B1: 4 mg, B2: 0.08±0.01 mg] | Fat-Soluble Vitamins [Vitamin A: 4 mcg, Vitamin D2: 2.75±0.59 mcg, Vitamin E: 4.60±0.91 mg] | Minerals [Calcium: 0.32±0.05 mg, Iron: 1.18±0.35 mg, Magnesium: 10.44±2.48 mg, Zinc: 0.041±0.031 mg] | Minerals [Calcium: 11.48±1.33 mg, Iron: 0.04±0.00 mg, Magnesium: 0.07±0.03 mg, Zinc: 0.02±0.00 mg]"
O007,"[O007] Goat, heart","Macronutrients [Protein: 19.38±0.80g, Fat: 0.95±0.09g, Carbs: 4.40±0.71g] | Water-Soluble Vitamins [Folate (B9): 0.23±0.08 mcg, Vitamin C: 1.63±0.38 mg, B1: 5 mg, B2: 0.36±0.02 mg] | Fat-Soluble Vitamins [Vitamin A: 5 mcg, Vitamin D2: 5.90±0.36 mcg, Vitamin E: 10.60±0.97 mg] | Minerals [Calcium: 0.37±0.08 mg, Iron: 0.93±0.21 mg, Magnesium: 5.71±1.43 mg, Zinc: 0.012±0.005 mg] | Minerals [Calcium: 18±2.32 mg, Iron: 0.03±0.01 mg, Magnesium: 0.04±0.03 mg, Zinc: 0.01±0.00 mg]"
O008,"[O008] Goat, liver","Macronutrients [Protein: 20.32±0.92g, Fat: 1.30±0.07g, Carbs: 4.88±0.73g] | Water-Soluble Vitamins [Folate (B9): 0.65±0.27 mcg, Vitamin C: 178±34.9 mg, B1: 6 mg, B2: 0.20±0.04 mg] | Fat-Soluble Vitamins [Vitamin A: 6 mcg, Vitamin D2: 15655±972 mcg, Vitamin E: 12.64±2.43 mg] | Minerals [Calcium: 0.53±0.12 mg, Iron: 1.49±0.49 mg, Magnesium: 0.002±0.003 mg, Zinc: 6.09±2.31 mg] | Minerals [Calcium: 18±1.34 mg, Iron: 0.26±0.04 mg, Magnesium: 0.44±0.79 mg, Zinc: 0.12±0.04 mg]"
O009,"[O009] Goat, tripe","Macronutrients [Protein: 15.36±0.50g, Fat: 0.23±0.02g, Carbs: 3.36±0.29g] | Water-Soluble Vitamins [Folate (B9): 0.20±0.05 mcg, Vitamin C: 2.36±0.30 mg, B1: 5 mg, B2: 0.02±0.01 mg] | Fat-Soluble Vitamins [Vitamin A: 5 mcg, Vitamin D2: 2.17±0.52 mcg, Vitamin E: 11.50±2.06 mg] | Minerals [Calcium: 0.33±0.06 mg, Iron: 0.18±0.23 mg, Magnesium: 20.87±6.81 mg, Zinc: 0.007±0.001 mg] | Minerals [Calcium: 13±2.07 mg, Iron: 0.07±0.03 mg, Magnesium: 0.15±0.07 mg, Zinc: 0.01±0.01 mg]"
O010,"[O010] Goat, spleen","Macronutrients [Protein: 18.45±0.15g, Fat: 1.15±0.09g, Carbs: 2.37±0.36g] | Water-Soluble Vitamins [Folate (B9): 0.33±0.07 mcg, Vitamin C: 3.30±0.36 mg, B1: 4 mg, B2: 0.06±0.01 mg] | Fat-Soluble Vitamins [Vitamin A: 4 mcg, Vitamin D2: 7.85±0.84 mcg, Vitamin E: 9.00±0.74 mg] | Minerals [Calcium: 0.29±0.03 mg, Iron: 1.18±0.39 mg, Magnesium: 8.35±0.44 mg, Zinc: 0.015±0.006 mg] | Minerals [Calcium: 15.3±2.76 mg, Iron: 0.03±0.00 mg, Magnesium: 0.05±0.01 mg, Zinc: 0.01±0.00 mg]"
O011,"[O011] Goat, kidneys","Macronutrients [Protein: 15.60±1.15g, Fat: 1.10±0.05g, Carbs: 2.93±0.18g] | Water-Soluble Vitamins [Folate (B9): 0.40±0.07 mcg, Vitamin C: 68.76±2.10 mg, B1: 4 mg, B2: 0.34±0.03 mg] | Fat-Soluble Vitamins [Vitamin A: 4 mcg, Vitamin D2: 68.56±3.91 mcg, Vitamin E: 3.50±1.46 mg] | Minerals [Calcium: 0.19±0.04 mg, Iron: 1.44±0.87 mg, Magnesium: 0.002±0.001 mg, Zinc: 12.37±4.51 mg] | Minerals [Calcium: 18.6±2.65 mg, Iron: 0.08±0.01 mg, Magnesium: 0.38±0.11 mg, Zinc: 0.01±0.00 mg]"
O012,"[O012] Goat, tube (small intestine)","Macronutrients [Protein: 12.92±0.54g, Fat: 0.54±0.01g, Carbs: 8.26±1.08g] | Water-Soluble Vitamins [Folate (B9): 0.21±0.05 mcg, Vitamin C: 1.87±0.10 mg, B1: 3 mg, B2: 0.01±0.00 mg] | Fat-Soluble Vitamins [Vitamin A: 3 mcg, Vitamin D2: 2.62±1.01 mcg, Vitamin E: 11.00±0.99 mg] | Minerals [Calcium: 0.57±0.19 mg, Iron: 2.05±0.91 mg, Magnesium: 27.52±1.44 mg, Zinc: 0.009±0.000 mg] | Minerals [Calcium: 7.14±1.99 mg, Iron: 0.05±0.02 mg, Magnesium: 0.05±0.03 mg, Zinc: 0.01±0.00 mg]"
O013,"[O013] Goat, testis","Macronutrients [Protein: 12.32g, Fat: 0.87g, Carbs: 2.39g] | Water-Soluble Vitamins [Folate (B9): 0.24 mcg, Vitamin C: 2.01 mg, B1: 2 mg, B2: 0.15 mg] | Fat-Soluble Vitamins [Vitamin A: 2 mcg, Vitamin D2: 2.48 mcg, Vitamin E: 2.50 mg] | Minerals [Calcium: 0.06 mg, Iron: 0.65 mg, Magnesium: 0.001 mg, Zinc: 5.95 mg] | Minerals [Calcium: 13.66 mg, Iron: 0.02 mg, Magnesium: 0.64 mg, Zinc: 186 mg]"
O014,"[O014] Sheep, shoulder","Macronutrients [Protein: 18.24±1.41g, Fat: 0.86±0.01g, Carbs: 14.31±1.37g] | Water-Soluble Vitamins [Folate (B9): 0.15±0.04 mcg, Vitamin C: 3.16±0.17 mg, B1: 5 mg, B2: 0.05±0.01 mg] | Fat-Soluble Vitamins [Vitamin A: 5 mcg, Vitamin D2: 8.71±1.66 mcg, Vitamin E: 6.80±0.57 mg] | Minerals [Calcium: 0.25±0.06 mg, Iron: 1.18±0.52 mg, Magnesium: 5.46±2.05 mg, Zinc: 0.023±0.038 mg] | Minerals [Calcium: 21.31±3.01 mg, Iron: 0.02±0.01 mg, Magnesium: 0.07±0.03 mg, Zinc: 0.01±0.00 mg]"
O015,"[O015] Sheep, chops","Macronutrients [Protein: 18.00±1.22g, Fat: 1.09±0.02g, Carbs: 5.15±2.05g] | Water-Soluble Vitamins [Folate (B9): 0.18±0.02 mcg, Vitamin C: 1.61±0.24 mg, B1: 4 mg, B2: 0.07±0.01 mg] | Fat-Soluble Vitamins [Vitamin A: 4 mcg, Vitamin D2: 3.49±0.44 mcg, Vitamin E: 7.30±0.45 mg] | Minerals [Calcium: 0.13±0.02 mg, Iron: 0.69±0.39 mg, Magnesium: 7.98±1.94 mg, Zinc: 0.009±0.004 mg] | Minerals [Calcium: 21.42±2.22 mg, Iron: 0.03±0.01 mg, Magnesium: 0.13±0.01 mg, Zinc: 0.01±0.00 mg]"
O016,"[O016] Sheep, leg","Macronutrients [Protein: 21.42±0.43g, Fat: 0.94±0.01g, Carbs: 8.69±0.74g] | Water-Soluble Vitamins [Folate (B9): 0.24±0.04 mcg, Vitamin C: 1.81±0.25 mg, B1: 5 mg, B2: 0.08±0.02 mg] | Fat-Soluble Vitamins [Vitamin A: 5 mcg, Vitamin D2: 9.93±1.67 mcg, Vitamin E: 8.90±1.38 mg] | Minerals [Calcium: 0.13±0.03 mg, Iron: 0.70±0.26 mg, Magnesium: 6.87±1.88 mg, Zinc: 0.009±0.003 mg] | Minerals [Calcium: 22.22±1.50 mg, Iron: 0.01±0.00 mg, Magnesium: 0.02±0.02 mg, Zinc: 187±9.2 mg]"
O017,"[O017] Sheep, brain","Macronutrients [Protein: 13.05g, Fat: 1.19g, Carbs: 7.29g] | Water-Soluble Vitamins [Folate (B9): 0.33 mcg, Vitamin C: 1.86 mg, B1: 1 mg, B2: 0.12 mg] | Fat-Soluble Vitamins [Vitamin A: 1 mcg, Vitamin D2: 1.55 mcg, Vitamin E: 2.80 mg] | Minerals [Calcium: 0.14 mg, Iron: 0.73 mg, Magnesium: 10.27 mg, Zinc: 0.003 mg] | Minerals [Calcium: 14.08 mg, Iron: 0.04 mg, Magnesium: 0.02 mg, Zinc: 0.01 mg]"
O018,"[O018] Sheep, tongue","Macronutrients [Protein: 16.61g, Fat: 1.06g, Carbs: 13.53g] | Water-Soluble Vitamins [Folate (B9): 0.16 mcg, Vitamin C: 2.40 mg, B1: 1 mg, B2: 0.15 mg] | Fat-Soluble Vitamins [Vitamin A: 1 mcg, Vitamin D2: 7.33 mcg, Vitamin E: 1.50 mg] | Minerals [Calcium: 0.28 mg, Iron: 0.34 mg, Magnesium: 8.05 mg, Zinc: 0.082 mg] | Minerals [Calcium: 24.53 mg, Iron: 0.03 mg, Magnesium: 0.45 mg, Zinc: 0.02 mg]"
O019,"[O019] Sheep, lungs","Macronutrients [Protein: 16.12g, Fat: 0.97g, Carbs: 2.41g] | Water-Soluble Vitamins [Folate (B9): 0.02 mcg, Vitamin C: 13.89 mg, B1: 2 mg, B2: 0.07 mg] | Fat-Soluble Vitamins [Vitamin A: 2 mcg, Vitamin D2: 2.45 mcg, Vitamin E: 4.90 mg] | Minerals [Calcium: 0.48 mg, Iron: 1.85 mg, Magnesium: 0.004 mg, Zinc: 7.74 mg] | Minerals [Calcium: 11.68 mg, Iron: 0.03 mg, Magnesium: 0.07 mg, Zinc: 0.01 mg]"
O020,"[O020] Sheep, heart","Macronutrients [Protein: 18.19g, Fat: 0.97g, Carbs: 3.66g] | Water-Soluble Vitamins [Folate (B9): 0.30 mcg, Vitamin C: 2.17 mg, B1: 1 mg, B2: 0.34 mg] | Fat-Soluble Vitamins [Vitamin A: 1 mcg, Vitamin D2: 4.64 mcg, Vitamin E: 9.70 mg] | Minerals [Calcium: 0.03 mg, Iron: 6.04 mg, Magnesium: 6.79 mg, Zinc: 0.012 mg] | Minerals [Calcium: 15.19 mg, Iron: 0.03 mg, Magnesium: 0.03 mg, Zinc: 0.01 mg]"
O021,"[O021] Sheep, liver","Macronutrients [Protein: 22.26±1.46g, Fat: 1.26±0.07g, Carbs: 4.87±0.12g] | Water-Soluble Vitamins [Folate (B9): 0.26±0.05 mcg, Vitamin C: 206±26.8 mg, B1: 4 mg, B2: 0.17±0.04 mg] | Fat-Soluble Vitamins [Vitamin A: 4 mcg, Vitamin D2: 14106±866 mcg, Vitamin E: 14.70±1.24 mg] | Minerals [Calcium: 0.16±0.00 mg, Iron: 1.66±0.51 mg, Magnesium: 0.001±0.000 mg, Zinc: 5.92±0.44 mg] | Minerals [Calcium: 17.91±2.26 mg, Iron: 0.28±0.02 mg, Magnesium: 0.16±0.15 mg, Zinc: 0.15±0.03 mg]"
O022,"[O022] Sheep, tripe","Macronutrients [Protein: 16.76g, Fat: 0.26g, Carbs: 4.05g] | Water-Soluble Vitamins [Folate (B9): 0.22 mcg, Vitamin C: 1.87 mg, B1: 2 mg, B2: 0.02 mg] | Fat-Soluble Vitamins [Vitamin A: 2 mcg, Vitamin D2: 2.72 mcg, Vitamin E: 10.90 mg] | Minerals [Calcium: 0.27 mg, Iron: 0.10 mg, Magnesium: 14.85 mg, Zinc: 0.019 mg] | Minerals [Calcium: 17.81 mg, Iron: 0.16 mg, Magnesium: 0.19 mg, Zinc: 0.01 mg]"
O023,"[O023] Sheep, spleen","Macronutrients [Protein: 16.02g, Fat: 1.17g, Carbs: 3.02g] | Water-Soluble Vitamins [Folate (B9): 0.27 mcg, Vitamin C: 3.19 mg, B1: 1 mg, B2: 0.07 mg] | Fat-Soluble Vitamins [Vitamin A: 1 mcg, Vitamin D2: 6.61 mcg, Vitamin E: 7.50 mg] | Minerals [Calcium: 0.16 mg, Iron: 0.92 mg, Magnesium: 0.001 mg, Zinc: 11.49 mg] | Minerals [Calcium: 17.23 mg, Iron: 0.04 mg, Magnesium: 0.04 mg, Zinc: 0.04 mg]"
O024,"[O024] Sheep, kidneys","Macronutrients [Protein: 16.22g, Fat: 1.00g, Carbs: 2.92g] | Water-Soluble Vitamins [Folate (B9): 0.51 mcg, Vitamin C: 46.21 mg, B1: 2 mg, B2: 0.35 mg] | Fat-Soluble Vitamins [Vitamin A: 2 mcg, Vitamin D2: 68.68 mcg, Vitamin E: 2.90 mg] | Minerals [Calcium: 0.19 mg, Iron: 2.10 mg, Magnesium: 0.003 mg, Zinc: 14.15 mg] | Minerals [Calcium: 17.46 mg, Iron: 0.69 mg, Magnesium: 0.61 mg, Zinc: 0.02 mg]"
O025,"[O025] Beef, shoulder","Macronutrients [Protein: 20.56±1.32g, Fat: 0.95±0.01g, Carbs: 14.59±0.86g] | Water-Soluble Vitamins [Folate (B9): 0.48±0.04 mcg, Vitamin C: 8.06±1.30 mg, B1: 6 mg, B2: 0.03±0.01 mg] | Fat-Soluble Vitamins [Vitamin A: 6 mcg, Vitamin D2: 15.51±2.43 mcg, Vitamin E: 2.90±1.12 mg] | Minerals [Calcium: 0.38±0.10 mg, Iron: 0.76±0.26 mg, Magnesium: 6.50±1.85 mg, Zinc: 0.007±0.002 mg] | Minerals [Calcium: 22.24±3.28 mg, Iron: 0.01±0.00 mg, Magnesium: 0.10±0.07 mg, Zinc: 201±25.2 mg]"
O026,"[O026] Beef, chops","Macronutrients [Protein: 19.82±0.43g, Fat: 0.96±0.02g, Carbs: 6.71±0.45g] | Water-Soluble Vitamins [Folate (B9): 0.34±0.03 mcg, Vitamin C: 5.69±0.82 mg, B1: 4 mg, B2: 0.02±0.01 mg] | Fat-Soluble Vitamins [Vitamin A: 4 mcg, Vitamin D2: 2.43±0.40 mcg, Vitamin E: 2.80±1.07 mg] | Minerals [Calcium: 0.30±0.04 mg, Iron: 1.40±0.41 mg, Magnesium: 4.64±1.64 mg, Zinc: 0.005±0.001 mg] | Minerals [Calcium: 24.72±4.70 mg, Iron: 0.01±0.00 mg, Magnesium: 0.24±0.39 mg, Zinc: 209±42.2 mg]"
O027,"[O027] Beef, round (leg)","Macronutrients [Protein: 22.64±1.03g, Fat: 1.19±0.01g, Carbs: 7.38±0.71g] | Water-Soluble Vitamins [Folate (B9): 0.44±0.11 mcg, Vitamin C: 2.11±0.28 mg, B1: 6 mg, B2: 0.04±0.01 mg] | Fat-Soluble Vitamins [Vitamin A: 6 mcg, Vitamin D2: 2.52±0.64 mcg, Vitamin E: 5.80±1.29 mg] | Minerals [Calcium: 0.19±0.11 mg, Iron: 1.08±0.29 mg, Magnesium: 5.86±1.13 mg, Zinc: 0.007±0.002 mg] | Minerals [Calcium: 26.59±2.36 mg, Iron: 0.01±0.00 mg, Magnesium: 0.02±0.01 mg, Zinc: 0.01±0.00 mg]"
O028,"[O028] Beef, brain","Macronutrients [Protein: 10.55±0.50g, Fat: 1.37±0.17g, Carbs: 9.28±0.92g] | Water-Soluble Vitamins [Folate (B9): 0.25±0.01 mcg, Vitamin C: 5.39±2.10 mg, B1: 4 mg, B2: 0.12±0.01 mg] | Fat-Soluble Vitamins [Vitamin A: 4 mcg, Vitamin D2: 2.18±0.22 mcg, Vitamin E: 2.70±0.85 mg]"
O029,"[O029] Beef, tongue","Macronutrients [Protein: 15.63±0.67g, Fat: 0.73±0.00g, Carbs: 12.57±0.63g] | Water-Soluble Vitamins [Folate (B9): 0.19±0.04 mcg, Vitamin C: 10.81±1.33 mg, B1: 4 mg, B2: 0.05±0.01 mg] | Fat-Soluble Vitamins [Vitamin A: 4 mcg, Vitamin D2: 5.56±0.53 mcg, Vitamin E: 1.90±0.26 mg]"
O030,"[O030] Beef, lungs","Macronutrients [Protein: 15.66±0.42g, Fat: 1.13±0.05g, Carbs: 2.28±0.21g] | Water-Soluble Vitamins [Folate (B9): 0.23±0.01 mcg, Vitamin C: 6.98±0.78 mg, B1: 3 mg, B2: 0.09±0.01 mg] | Fat-Soluble Vitamins [Vitamin A: 3 mcg, Vitamin D2: 1.89±0.16 mcg, Vitamin E: 3.70±1.05 mg]"
O031,"[O031] Beef, heart","Macronutrients [Protein: 17.68±0.51g, Fat: 0.87±0.01g, Carbs: 3.57±0.46g] | Water-Soluble Vitamins [Folate (B9): 0.25±0.07 mcg, Vitamin C: 8.50±1.25 mg, B1: 5 mg, B2: 0.24±0.04 mg] | Fat-Soluble Vitamins [Vitamin A: 5 mcg, Vitamin D2: 10.13±1.52 mcg, Vitamin E: 2.50±1.02 mg]"
O032,"[O032] Beef, liver","Macronutrients [Protein: 20.73±0.96g, Fat: 1.07±0.03g, Carbs: 3.96±0.45g] | Water-Soluble Vitamins [Folate (B9): 0.30±0.05 mcg, Vitamin C: 1744±71.2 mg, B1: 6 mg, B2: 0.17±0.03 mg] | Fat-Soluble Vitamins [Vitamin A: 6 mcg, Vitamin D2: 9119±707 mcg, Vitamin E: 4.00±1.31 mg]"
O033,"[O033] Beef, tripe","Macronutrients [Protein: 13.10±0.29g, Fat: 0.55±0.01g, Carbs: 2.51±0.74g] | Water-Soluble Vitamins [Folate (B9): 0.23±0.07 mcg, Vitamin C: 1.45±0.19 mg, B1: 5 mg, B2: 0.03±0.01 mg] | Fat-Soluble Vitamins [Vitamin A: 5 mcg, Vitamin D2: 4.29±0.30 mcg, Vitamin E: 3.50±0.64 mg]"
O034,"[O034] Beef, spleen","Macronutrients [Protein: 17.42±0.55g, Fat: 1.22±0.04g, Carbs: 2.22±0.24g] | Water-Soluble Vitamins [Folate (B9): 0.26±0.03 mcg, Vitamin C: 3.40±0.88 mg, B1: 6 mg, B2: 0.31±0.02 mg] | Fat-Soluble Vitamins [Vitamin A: 6 mcg, Vitamin D2: 8.71±1.00 mcg, Vitamin E: 2.50±1.00 mg]"
O035,"[O035] Beef, kidneys","Macronutrients [Protein: 17.09±0.30g, Fat: 1.22±0.04g, Carbs: 4.01±0.36g] | Water-Soluble Vitamins [Folate (B9): 0.22±0.02 mcg, Vitamin C: 53.68±4.93 mg, B1: 3 mg, B2: 0.26±0.04 mg] | Fat-Soluble Vitamins [Vitamin A: 3 mcg, Vitamin D2: 98.04±9.31 mcg, Vitamin E: 2.50±0.92 mg]"
O036,"[O036] Calf, shoulder","Macronutrients [Protein: 20.98g, Fat: 0.94g, Carbs: 7.47g] | Water-Soluble Vitamins [Folate (B9): 0.50 mcg, Vitamin C: 9.25 mg, B1: 2 mg, B2: 0.10 mg] | Fat-Soluble Vitamins [Vitamin A: 2 mcg, Vitamin D2: 13.17 mcg, Vitamin E: 3.50 mg]"
O037,"[O037] Calf, chops","Macronutrients [Protein: 22.47g, Fat: 0.92g, Carbs: 3.85g] | Water-Soluble Vitamins [Folate (B9): 0.37 mcg, Vitamin C: 2.13 mg, B1: 2 mg, B2: 0.07 mg] | Fat-Soluble Vitamins [Vitamin A: 2 mcg, Vitamin D2: 2.10 mcg, Vitamin E: 3.20 mg]"
O038,"[O038] Calf, round (leg)","Macronutrients [Protein: 21.10g, Fat: 0.74g, Carbs: 6.92g] | Water-Soluble Vitamins [Folate (B9): 0.41 mcg, Vitamin C: 7.81 mg, B1: 2 mg, B2: 0.03 mg] | Fat-Soluble Vitamins [Vitamin A: 2 mcg, Vitamin D2: 2.42 mcg, Vitamin E: 6.20 mg]"
O039,"[O039] Calf, brain","Macronutrients [Protein: 9.84g, Fat: 1.26g, Carbs: 7.60g] | Water-Soluble Vitamins [Folate (B9): 0.30 mcg, Vitamin C: 1.50 mg, B1: 2 mg, B2: 0.07 mg] | Fat-Soluble Vitamins [Vitamin A: 2 mcg, Vitamin D2: 1.41 mcg, Vitamin E: 3.00 mg]"
O040,"[O040] Calf, tongue","Macronutrients [Protein: 17.78g, Fat: 0.93g, Carbs: 11.76g] | Water-Soluble Vitamins [Folate (B9): 0.17 mcg, Vitamin C: 5.20 mg, B1: 2 mg, B2: 0.11 mg] | Fat-Soluble Vitamins [Vitamin A: 2 mcg, Vitamin D2: 4.63 mcg, Vitamin E: 1.70 mg]"
O041,"[O041] Calf, heart","Macronutrients [Protein: 18.84g, Fat: 0.86g, Carbs: 3.75g] | Water-Soluble Vitamins [Folate (B9): 0.41 mcg, Vitamin C: 9.41 mg, B1: 1 mg, B2: 0.26 mg] | Fat-Soluble Vitamins [Vitamin A: 1 mcg, Vitamin D2: 4.83 mcg, Vitamin E: 1.90 mg]"
O042,"[O042] Calf, liver","Macronutrients [Protein: 21.02g, Fat: 1.26g, Carbs: 3.95g] | Water-Soluble Vitamins [Folate (B9): 0.59 mcg, Vitamin C: 1473 mg, B1: 1 mg, B2: 0.17 mg] | Fat-Soluble Vitamins [Vitamin A: 1 mcg, Vitamin D2: 9664 mcg, Vitamin E: 5.00 mg]"
O043,"[O043] Calf, spleen","Macronutrients [Protein: 17.71g, Fat: 1.41g, Carbs: 2.12g] | Water-Soluble Vitamins [Folate (B9): 0.44 mcg, Vitamin C: 3.58 mg, B1: 1 mg, B2: 0.09 mg] | Fat-Soluble Vitamins [Vitamin A: 1 mcg, Vitamin D2: 6.32 mcg, Vitamin E: 2.50 mg]"
O044,"[O044] Calf, kidneys","Macronutrients [Protein: 15.16g, Fat: 1.02g, Carbs: 3.50g] | Water-Soluble Vitamins [Folate (B9): 0.30 mcg, Vitamin C: 33.48 mg, B1: 2 mg, B2: 0.32 mg] | Fat-Soluble Vitamins [Vitamin A: 2 mcg, Vitamin D2: 95.73 mcg, Vitamin E: 3.10 mg]"
O045,"[O045] Mithun, shoulder","Macronutrients [Protein: 19.05g, Fat: 0.84g, Carbs: 11.14g] | Water-Soluble Vitamins [Folate (B9): 0.37 mcg, Vitamin C: 1.86 mg, B1: 1 mg, B2: 0.04 mg] | Fat-Soluble Vitamins [Vitamin A: 1 mcg, Vitamin D2: 12.68 mcg, Vitamin E: 3.80 mg]"
O046,"[O046] Mithun, chops","Macronutrients [Protein: 18.19g, Fat: 0.79g, Carbs: 6.12g] | Water-Soluble Vitamins [Folate (B9): 0.34 mcg, Vitamin C: 1.90 mg, B1: 1 mg, B2: 0.20 mg] | Fat-Soluble Vitamins [Vitamin A: 1 mcg, Vitamin D2: 2.62 mcg, Vitamin E: 4.20 mg]"
O047,"[O047] Mithun, round (leg)","Macronutrients [Protein: 19.61g, Fat: 0.90g, Carbs: 4.10g] | Water-Soluble Vitamins [Folate (B9): 0.29 mcg, Vitamin C: 1.86 mg, B1: 1 mg, B2: 0.02 mg] | Fat-Soluble Vitamins [Vitamin A: 1 mcg, Vitamin D2: 2.47 mcg, Vitamin E: 8.50 mg]"
O048,"[O048] Pork, shoulder","Macronutrients [Protein: 17.41±0.71g, Fat: 0.75±0.12g, Carbs: 18.83±0.88g] | Water-Soluble Vitamins [Folate (B9): 0.41±0.08 mcg, Vitamin C: 6.70±1.09 mg, B1: 6 mg, B2: 0.18±0.01 mg] | Fat-Soluble Vitamins [Vitamin A: 6 mcg, Vitamin D2: 5.12±0.89 mcg, Vitamin E: 1.80±0.34 mg]"
O049,"[O049] Pork, chops","Macronutrients [Protein: 19.41±0.68g, Fat: 0.64±0.05g, Carbs: 11.30±1.33g] | Water-Soluble Vitamins [Folate (B9): 0.36±0.10 mcg, Vitamin C: 7.74±1.03 mg, B1: 6 mg, B2: 0.30±0.02 mg] | Fat-Soluble Vitamins [Vitamin A: 6 mcg, Vitamin D2: 1.51±0.26 mcg, Vitamin E: 2.20±0.73 mg]"
O050,"[O050] Pork, ham","Macronutrients [Protein: 18.83±0.59g, Fat: 0.62±0.02g, Carbs: 18.55±0.78g] | Water-Soluble Vitamins [Folate (B9): 0.25±0.06 mcg, Vitamin C: 1.51±0.21 mg, B1: 6 mg, B2: 0.24±0.02 mg] | Fat-Soluble Vitamins [Vitamin A: 6 mcg, Vitamin D2: 2.98±0.30 mcg, Vitamin E: 5.30±1.39 mg]"
O051,"[O051] Pork, lungs","Macronutrients [Protein: 15.13±0.52g, Fat: 0.93±0.01g, Carbs: 2.74±0.23g] | Water-Soluble Vitamins [Folate (B9): 0.19±0.02 mcg, Vitamin C: 6.36±0.75 mg, B1: 4 mg, B2: 0.08±0.02 mg] | Fat-Soluble Vitamins [Vitamin A: 4 mcg, Vitamin D2: 5.14±0.40 mcg, Vitamin E: 3.80±0.68 mg]"
O052,"[O052] Pork, heart","Macronutrients [Protein: 16.31±0.16g, Fat: 1.01±0.01g, Carbs: 4.87±0.84g] | Water-Soluble Vitamins [Folate (B9): 0.30±0.05 mcg, Vitamin C: 4.73±0.80 mg, B1: 4 mg, B2: 0.28±0.03 mg] | Fat-Soluble Vitamins [Vitamin A: 4 mcg, Vitamin D2: 7.16±0.88 mcg, Vitamin E: 3.50±0.93 mg]"
O053,"[O053] Pork, liver","Macronutrients [Protein: 19.89±1.16g, Fat: 1.18±0.03g, Carbs: 3.94±0.34g] | Water-Soluble Vitamins [Folate (B9): 0.37±0.16 mcg, Vitamin C: 954±88.6 mg, B1: 5 mg, B2: 0.16±0.02 mg] | Fat-Soluble Vitamins [Vitamin A: 5 mcg, Vitamin D2: 8759±798 mcg, Vitamin E: 4.50±0.92 mg]"
O054,"[O054] Pork, stomach","Macronutrients [Protein: 15.36g, Fat: 0.23g, Carbs: 7.81g] | Water-Soluble Vitamins [Folate (B9): 0.19 mcg, Vitamin C: 6.87 mg, B1: 1 mg, B2: 0.10 mg] | Fat-Soluble Vitamins [Vitamin A: 1 mcg, Vitamin D2: 3.34 mcg, Vitamin E: 3.50 mg]"
O055,"[O055] Pork, spleen","Macronutrients [Protein: 15.13±0.79g, Fat: 1.13±0.05g, Carbs: 2.71±0.71g] | Water-Soluble Vitamins [Folate (B9): 0.22±0.04 mcg, Vitamin C: 5.92±0.49 mg, B1: 3 mg, B2: 0.13±0.02 mg] | Fat-Soluble Vitamins [Vitamin A: 3 mcg, Vitamin D2: 8.44±0.81 mcg, Vitamin E: 2.50±0.83 mg]"
O056,"[O056] Pork, kidneys","Macronutrients [Protein: 14.35±1.03g, Fat: 0.97±0.10g, Carbs: 3.65±0.55g] | Water-Soluble Vitamins [Folate (B9): 0.16±0.04 mcg, Vitamin C: 59.61±10.30 mg, B1: 5 mg, B2: 0.24±0.14 mg] | Fat-Soluble Vitamins [Vitamin A: 5 mcg, Vitamin D2: 72.53±6.91 mcg, Vitamin E: 1.50±0.19 mg]"
O057,"[O057] Pork, tube (small intestine)","Macronutrients [Protein: 14.96g, Fat: 0.55g, Carbs: 8.98g] | Water-Soluble Vitamins [Folate (B9): 0.19 mcg, Vitamin C: 7.84 mg, B1: 1 mg, B2: 0.08 mg] | Fat-Soluble Vitamins [Vitamin A: 1 mcg, Vitamin D2: 1.13 mcg, Vitamin E: 3.50 mg]"
O058,"[O058] Hare, shoulder","Macronutrients [Protein: 21.13g, Fat: 1.17g, Carbs: 6.58g] | Water-Soluble Vitamins [Folate (B9): 0.28 mcg, Vitamin C: 2.20 mg, B1: 1 mg, B2: 0.07 mg] | Fat-Soluble Vitamins [Vitamin A: 1 mcg, Vitamin D2: 8.88 mcg, Vitamin E: 25.59 mg]"
O059,"[O059] Hare, chops","Macronutrients [Protein: 20.62g, Fat: 1.27g, Carbs: 2.55g] | Water-Soluble Vitamins [Folate (B9): 0.22 mcg, Vitamin C: 3.85 mg, B1: 1 mg, B2: 0.07 mg] | Fat-Soluble Vitamins [Vitamin A: 1 mcg, Vitamin D2: 2.84 mcg, Vitamin E: 23.65 mg]"
O060,"[O060] Hare, leg","Macronutrients [Protein: 20.52g, Fat: 1.26g, Carbs: 4.16g] | Water-Soluble Vitamins [Folate (B9): 0.24 mcg, Vitamin C: 1.95 mg, B1: 1 mg, B2: 0.08 mg] | Fat-Soluble Vitamins [Vitamin A: 1 mcg, Vitamin D2: 1.26 mcg, Vitamin E: 22.18 mg]"
O061,"[O061] Rabbit, shoulder","Macronutrients [Protein: 20.01g, Fat: 1.19g, Carbs: 7.96g] | Water-Soluble Vitamins [Folate (B9): 0.30 mcg, Vitamin C: 1.80 mg, B1: 1 mg, B2: 0.03 mg] | Fat-Soluble Vitamins [Vitamin A: 1 mcg, Vitamin D2: 5.90 mcg, Vitamin E: 24.68 mg]"
O062,"[O062] Rabbit, chops","Macronutrients [Protein: 22.61g, Fat: 1.35g, Carbs: 4.88g] | Water-Soluble Vitamins [Folate (B9): 0.24 mcg, Vitamin C: 2.10 mg, B1: 1 mg, B2: 0.02 mg] | Fat-Soluble Vitamins [Vitamin A: 1 mcg, Vitamin D2: 3.88 mcg, Vitamin E: 25.88 mg]"
O063,"[O063] Rabbit, leg","Macronutrients [Protein: 21.31g, Fat: 1.26g, Carbs: 5.99g] | Water-Soluble Vitamins [Folate (B9): 0.26 mcg, Vitamin C: 1.80 mg, B1: 1 mg, B2: 0.03 mg] | Fat-Soluble Vitamins [Vitamin A: 1 mcg, Vitamin D2: 8.49 mcg, Vitamin E: 23.85 mg]"
A001,"[A001] Amaranth seed, black (Amaranthus cruentus)","Macronutrients [Protein: 0.04g, Fat: 0.45g, Carbs: 1.92g] | Water-Soluble Vitamins [Folate (B9): 0.17 mcg, Vitamin C: 1.80 mg, B1: 1 mg, B2: 58.67 mg] | Fat-Soluble Vitamins [Vitamin A: 1 mcg, Vitamin D2: 10.25 mcg, Vitamin E: 121 mg]"
A002,[A002] Amaranth seed,"Macronutrients [Protein: 0.04±0.007g, Fat: 0.52±0.05g, Carbs: 1.87±0.24g] | Water-Soluble Vitamins [Folate (B9): 0.15±0.03 mcg, Vitamin C: 2.50±0.87 mg, B1: 6 mg, B2: 53.98±3.38 mg] | Fat-Soluble Vitamins [Vitamin A: 6 mcg, Vitamin D2: 4.11±1.16 mcg, Vitamin E: 59.68±3.09 mg]"
A003,[A003] Bajra (Pennisetum typhoideum),"Macronutrients [Protein: 0.20±0.038g, Fat: 0.86±0.10g, Carbs: 0.64±0.05g] | Water-Soluble Vitamins [Folate (B9): 0.24±0.02 mcg, Vitamin C: 2.85±0.63 mg, B1: 6 mg, B2: 5.65±0.27 mg] | Fat-Soluble Vitamins [Vitamin A: 6 mcg, Vitamin D2: 29.69±8.72 mcg, Vitamin E: 293±55.7 mg]"
A004,[A004] Barley (Hordeum vulgare),"Macronutrients [Protein: 0.18±0.030g, Fat: 2.84±0.08g, Carbs: 2.38±0.11g] | Fat-Soluble Vitamins [Vitamin A: 6 mcg, Vitamin D2: 5.39±2.77 mcg, Vitamin E: 69.87±28.88 mg]"
A005,[A005] Jowar (Sorghum vulgare),"Macronutrients [Protein: 0.14±0.014g, Fat: 2.10±0.09g, Carbs: 0.70±0.06g] | Water-Soluble Vitamins [Folate (B9): 0.06±0.01 mcg, Vitamin C: 43.82±4.84 mg, B1: 6 mg, B2: 3.96±0.30 mg] | Fat-Soluble Vitamins [Vitamin A: 6 mcg, Vitamin D2: 9.08±1.77 mcg, Vitamin E: 212±48.9 mg]"
A006,"[A006] Maize, dry (Zea mays)","Macronutrients [Protein: 0.09±0.009g, Fat: 2.69±0.06g, Carbs: 0.49±0.05g] | Water-Soluble Vitamins [Folate (B9): 0.36±0.03 mcg, Vitamin C: 2.50±0.76 mg, B1: 6 mg, B2: 33.60±2.82 mg] | Fat-Soluble Vitamins [Vitamin A: 6 mcg, Vitamin D2: 186±19.4 mcg, Vitamin E: 893±154 mg]"
A007,"[A007] Maize, tender, local (Zea mays)","Macronutrients [Protein: 0.12±0.021g, Fat: 1.13±0.02g, Carbs: 62.96±5.66g] | Water-Soluble Vitamins [Folate (B9): 0.09±0.01 mcg, Vitamin C: 2.00±0.13 mg, B1: 6 mg, B2: 42.34±4.28 mg] | Fat-Soluble Vitamins [Vitamin A: 6 mcg, Vitamin D2: 110±28.1 mcg, Vitamin E: 1428±225 mg]"
A008,"[A008] Maize, tender, sweet (Zea mays)","Macronutrients [Protein: 0.14±0.007g, Fat: 1.14±0.02g, Carbs: 59.71±7.70g] | Water-Soluble Vitamins [Folate (B9): 0.10±0.01 mcg, Vitamin C: 1.80±0.32 mg, B1: 4 mg, B2: 16.94±2.13 mg] | Fat-Soluble Vitamins [Vitamin A: 4 mcg, Vitamin D2: 108±25.0 mcg, Vitamin E: 1035±154 mg]"
A009,[A009] Quinoa(Chenopodium quinoa),"Macronutrients [Protein: 0.22g, Fat: 1.70g, Carbs: 0.62g] | Water-Soluble Vitamins [Folate (B9): 2.39 mcg, Vitamin C: 2.00 mg, B1: 1 mg, B2: 2.08 mg] | Fat-Soluble Vitamins [Vitamin A: 1 mcg, Vitamin D2: 11.88 mcg, Vitamin E: 153 mg]"
A010,[A010] Ragi (Eleusine coracana),"Macronutrients [Protein: 0.17±0.008g, Fat: 1.34±0.02g, Carbs: 0.88±0.05g] | Water-Soluble Vitamins [Folate (B9): 0.16±0.01 mcg, Vitamin C: 3.00±0.44 mg, B1: 5 mg, B2: 41.46±3.12 mg] | Fat-Soluble Vitamins [Vitamin A: 5 mcg, Vitamin D2: 25.53±5.82 mcg, Vitamin E: 154±25.6 mg]"
A011,[A011] Rice flakes (Oryza sativa ),"Macronutrients [Protein: 0.04±0.006g, Fat: 1.60±0.09g, Carbs: 0.39±0.09g] | Fat-Soluble Vitamins [Vitamin A: 6 mcg, Vitamin D2: 1.46±0.25 mcg, Vitamin E: 33.61±4.26 mg]"
A012,[A012] Rice puffed (Oryza sativa ),"Macronutrients [Protein: 0.04±0.017g, Fat: 1.87±0.10g, Carbs: 0.07±0.005g] | Fat-Soluble Vitamins [Vitamin A: 6 mcg, Vitamin D2: 1.51±0.31 mcg, Vitamin E: 50.46±4.52 mg]"
A013,"[A013] Rice, raw, brown (Oryza sativa )","Macronutrients [Protein: 0.06±0.011g, Fat: 3.40±0.12g, Carbs: 1.38±0.21g] | Water-Soluble Vitamins [Folate (B9): 0.69±0.12 mcg, Vitamin C: 2.00±0.83 mg, B1: 6 mg, B2: 0.62±0.08 mg] | Fat-Soluble Vitamins [Vitamin A: 6 mcg, Vitamin D2: 13.15±4.03 mcg, Vitamin E: 159±13.9 mg]"
A014,"[A014] Rice, parboiled, milled (Oryza sativa )","Macronutrients [Protein: 0.06±0.018g, Fat: 2.51±0.49g, Carbs: 0.31±0.02g] | Water-Soluble Vitamins [Folate (B9): 0.09±0.04 mcg, Vitamin C: 1.50±0.50 mg, B1: 6 mg, B2: 0.06±0.04 mg] | Fat-Soluble Vitamins [Vitamin A: 6 mcg, Vitamin D2: 1.46±0.72 mcg, Vitamin E: 46.90±8.29 mg]"
A015,"[A015] Rice, raw, milled (Oryza sativa )","Macronutrients [Protein: 0.05±0.006g, Fat: 1.69±0.13g, Carbs: 0.60±0.12g] | Water-Soluble Vitamins [Folate (B9): 0.06±0.03 mcg, Vitamin C: 1.50±0.40 mg, B1: 6 mg, B2: 0.04±0.03 mg] | Fat-Soluble Vitamins [Vitamin A: 6 mcg, Vitamin D2: 1.49±0.46 mcg, Vitamin E: 16.87±5.61 mg]"
A016,[A016] Samai (Panicum miliare),"Macronutrients [Protein: 0.05±0.008g, Fat: 1.29±0.02g, Carbs: 6.03±0.57g] | Water-Soluble Vitamins [Folate (B9): 0.55±0.16 mcg, Vitamin C: 4.47±0.38 mg, B1: 6 mg, B2: 3.75±0.80 mg] | Fat-Soluble Vitamins [Vitamin A: 6 mcg, Vitamin D2: 7.82±1.76 mcg, Vitamin E: 120±9.0 mg]"
A017,[A017] Varagu (Paspalum scrobiculatum),"Macronutrients [Protein: 0.20±0.018g, Fat: 1.49±0.08g, Carbs: 1.49±0.18g] | Water-Soluble Vitamins [Folate (B9): 0.07±0.02 mcg, Vitamin C: 3.75±0.63 mg, B1: 5 mg, B2: 0.03±0.01 mg] | Fat-Soluble Vitamins [Vitamin A: 5 mcg, Vitamin D2: 59.40±7.01 mcg, Vitamin E: 272±25.1 mg]"
A018,"[A018] Wheat flour, refined (Triticum aestivum)","Macronutrients [Protein: 0.06±0.008g, Fat: 0.77±0.07g, Carbs: 0.58±0.09g] | Water-Soluble Vitamins [Folate (B9): 0.05±0.01 mcg, Vitamin C: 1.00±0.46 mg, B1: 6 mg, B2: 6.73±0.96 mg] | Fat-Soluble Vitamins [Vitamin A: 6 mcg, Vitamin D2: 24.41±9.21 mcg, Vitamin E: 270±69.0 mg]"
A019,"[A019] Wheat flour, atta (Triticum aestivum)","Macronutrients [Protein: 0.15±0.010g, Fat: 2.37±0.10g, Carbs: 0.76±0.12g] | Water-Soluble Vitamins [Folate (B9): 0.26±0.09 mcg, Vitamin C: 1.50±0.47 mg, B1: 6 mg, B2: 13.43±1.77 mg] | Fat-Soluble Vitamins [Vitamin A: 6 mcg, Vitamin D2: 42.12±11.27 mcg, Vitamin E: 284±31.9 mg]"
A020,"[A020] Wheat, whole (Triticum aestivum)","Macronutrients [Protein: 0.15±0.041g, Fat: 2.68±0.19g, Carbs: 1.03±0.58g] | Water-Soluble Vitamins [Folate (B9): 0.77±0.35 mcg, Vitamin C: 1.75±0.26 mg, B1: 6 mg, B2: 17.49±3.51 mg] | Fat-Soluble Vitamins [Vitamin A: 6 mcg, Vitamin D2: 52.56±5.67 mcg, Vitamin E: 287±40.5 mg]"
A021,"[A021] Wheat, bulgur (Triticum aestivum)","Macronutrients [Protein: 0.12±0.004g, Fat: 2.05±0.05g, Carbs: 2.50±0.35g] | Water-Soluble Vitamins [Folate (B9): 0.21±0.01 mcg, Vitamin C: 1.50±0.41 mg, B1: 6 mg, B2: 6.27±0.31 mg] | Fat-Soluble Vitamins [Vitamin A: 6 mcg, Vitamin D2: 47.67±13.64 mcg, Vitamin E: 191±15.1 mg]"
A022,"[A022] Wheat, semolina (Triticum aestivum)","Macronutrients [Protein: 0.04±0.004g, Fat: 1.13±0.10g, Carbs: 0.44±0.04g] | Water-Soluble Vitamins [Folate (B9): 0.20±0.01 mcg, Vitamin C: 1.20±0.48 mg, B1: 6 mg, B2: 8.19±0.81 mg] | Fat-Soluble Vitamins [Vitamin A: 6 mcg, Vitamin D2: 29.94±7.39 mcg, Vitamin E: 276±29.9 mg]"
A023,"[A023] Wheat, vermicelli (Triticum aestivum)","Macronutrients [Protein: 0.01±0.003g, Fat: 0.86±0.02g, Carbs: 2.00±0.19g] | Water-Soluble Vitamins [Folate (B9): 0.03±0.01 mcg, Vitamin C: 1.00±0.51 mg, B1: 6 mg, B2: 4.06±0.35 mg] | Fat-Soluble Vitamins [Vitamin A: 6 mcg, Vitamin D2: 19.31±5.80 mcg, Vitamin E: 39.54±5.33 mg]"
A024,"[A024] Wheat, vermicelli, roasted (Triticum aestivum)","Macronutrients [Protein: 0.01±0.002g, Fat: 0.67±0.05g, Carbs: 1.34±0.18g] | Water-Soluble Vitamins [Folate (B9): 0.01±0.01 mcg, Vitamin C: 1.00±0.52 mg, B1: 6 mg, B2: 3.21±0.21 mg] | Fat-Soluble Vitamins [Vitamin A: 6 mcg, Vitamin D2: 12.89±4.12 mcg, Vitamin E: 21.33±5.71 mg]"
B001,"[B001] Bengal gram, dal (Cicer arietinum)","Macronutrients [Protein: 0.15±0.003g, Fat: 1.87±0.06g, Carbs: 0.81±0.09g] | Water-Soluble Vitamins [Folate (B9): 0.19±0.01 mcg, Vitamin C: 1.50±0.62 mg, B1: 6 mg, B2: 1.75±0.17 mg] | Fat-Soluble Vitamins [Vitamin A: 6 mcg, Vitamin D2: 314±82.4 mcg, Vitamin E: 1018±16.9 mg]"
B002,"[B002] Bengal gram, whole (Cicer arietinum)","Macronutrients [Protein: 0.24±0.011g, Fat: 2.10±0.06g, Carbs: 0.93±0.07g] | Water-Soluble Vitamins [Folate (B9): 1.72±0.07 mcg, Vitamin C: 2.10±0.71 mg, B1: 6 mg, B2: 1.93±0.17 mg] | Fat-Soluble Vitamins [Vitamin A: 6 mcg, Vitamin D2: 385±39.4 mcg, Vitamin E: 999±240 mg]"
B003,"[B003] Black gram, dal (Phaseolus mungo)","Macronutrients [Protein: 0.09±0.003g, Fat: 1.76±0.09g, Carbs: 0.81±0.13g] | Water-Soluble Vitamins [Folate (B9): 0.17±0.02 mcg, Vitamin C: 8.30±1.51 mg, B1: 6 mg, B2: 8.42±0.19 mg] | Fat-Soluble Vitamins [Vitamin A: 6 mcg, Vitamin D2: 83.87±22.87 mcg, Vitamin E: 279±54.8 mg]"
B004,"[B004] Black gram, whole (Phaseolus mungo)","Macronutrients [Protein: 0.11±0.008g, Fat: 1.85±0.13g, Carbs: 1.28±0.18g] | Water-Soluble Vitamins [Folate (B9): 0.23±0.02 mcg, Vitamin C: 10.80±0.92 mg, B1: 6 mg, B2: 16.84±2.79 mg] | Fat-Soluble Vitamins [Vitamin A: 6 mcg, Vitamin D2: 95.42±2.13 mcg, Vitamin E: 463±34.2 mg]"
B005,"[B005] Cowpea, brown (Vigna catjang)","Macronutrients [Protein: 0.09±0.009g, Fat: 1.64±0.03g, Carbs: 3.97±0.12g] | Water-Soluble Vitamins [Folate (B9): 0.70±0.03 mcg, Vitamin C: 1.75±0.14 mg, B1: 6 mg, B2: 0.92±0.02 mg] | Fat-Soluble Vitamins [Vitamin A: 6 mcg, Vitamin D2: 83.34±26.30 mcg, Vitamin E: 218±16.8 mg]"
B006,"[B006] Cowpea, white (Vigna catjang)","Macronutrients [Protein: 0.09g, Fat: 1.51g, Carbs: 4.28g] | Water-Soluble Vitamins [Folate (B9): 0.65 mcg, Vitamin C: 1.70 mg, B1: 1 mg, B2: 0.93 mg] | Fat-Soluble Vitamins [Vitamin A: 1 mcg, Vitamin D2: 78.52 mcg, Vitamin E: 250 mg]"
B007,"[B007] Field bean, black (Phaseolus vulgaris)","Macronutrients [Protein: 0.07g, Fat: 1.88g, Carbs: 0.66g] | Water-Soluble Vitamins [Folate (B9): 0.51 mcg, Vitamin C: 21.50 mg, B1: 1 mg, B2: 4.35 mg] | Fat-Soluble Vitamins [Vitamin A: 1 mcg, Vitamin D2: 48.99 mcg, Vitamin E: 207 mg]"
B008,"[B008] Field bean, brown (Phaseolus vulgaris)","Macronutrients [Protein: 0.07g, Fat: 2.04g, Carbs: 0.76g] | Water-Soluble Vitamins [Folate (B9): 0.53 mcg, Vitamin C: 20.70 mg, B1: 1 mg, B2: 4.24 mg] | Fat-Soluble Vitamins [Vitamin A: 1 mcg, Vitamin D2: 53.18 mcg, Vitamin E: 254 mg]"
B009,"[B009] Field bean, white (Phaseolus vulgaris)","Macronutrients [Protein: 0.07±0.009g, Fat: 1.96±0.09g, Carbs: 0.68±0.11g] | Water-Soluble Vitamins [Folate (B9): 0.52±0.06 mcg, Vitamin C: 22.65±1.15 mg, B1: 5 mg, B2: 4.26±0.10 mg] | Fat-Soluble Vitamins [Vitamin A: 5 mcg, Vitamin D2: 58.47±4.55 mcg, Vitamin E: 256±33.2 mg]"
B010,"[B010] Green gram, dal (Vigna radiata)","Macronutrients [Protein: 0.12±0.016g, Fat: 1.84±0.23g, Carbs: 0.65±0.06g] | Water-Soluble Vitamins [Folate (B9): 0.23±0.02 mcg, Vitamin C: 8.30±0.85 mg, B1: 6 mg, B2: 2.05±0.08 mg] | Fat-Soluble Vitamins [Vitamin A: 6 mcg, Vitamin D2: 113±22.6 mcg, Vitamin E: 619±61.9 mg]"
B011,"[B011] Green gram, whole (Vigna radiata)","Macronutrients [Protein: 0.27±0.011g, Fat: 2.16±0.13g, Carbs: 1.35±0.16g] | Water-Soluble Vitamins [Folate (B9): 0.33±0.02 mcg, Vitamin C: 12.63±1.23 mg, B1: 6 mg, B2: 3.15±0.33 mg] | Fat-Soluble Vitamins [Vitamin A: 6 mcg, Vitamin D2: 187±20.7 mcg, Vitamin E: 889±106 mg]"
B012,"[B012] Horse gram, whole (Dolichos biflorus)","Macronutrients [Protein: 0.24±0.033g, Fat: 1.82±0.26g, Carbs: 0.59±0.07g] | Water-Soluble Vitamins [Folate (B9): 0.27±0.02 mcg, Vitamin C: 10.24±1.40 mg, B1: 6 mg, B2: 1.80±0.06 mg] | Fat-Soluble Vitamins [Vitamin A: 6 mcg, Vitamin D2: 67.26±9.84 mcg, Vitamin E: 267±42.8 mg]"
B013,[B013] Lentil dal (Lens culinaris),"Macronutrients [Protein: 0.16±0.005g, Fat: 1.81±0.02g, Carbs: 1.25±0.20g] | Water-Soluble Vitamins [Folate (B9): 0.16±0.01 mcg, Vitamin C: 3.75±0.79 mg, B1: 6 mg, B2: 1.31±0.12 mg] | Fat-Soluble Vitamins [Vitamin A: 6 mcg, Vitamin D2: 5.92±3.05 mcg, Vitamin E: 812±93.3 mg]"
B014,"[B014] Lentil whole, brown (Lens culinaris)","Macronutrients [Protein: 0.22±0.026g, Fat: 2.54±0.12g, Carbs: 1.74±0.16g] | Water-Soluble Vitamins [Folate (B9): 0.19±0.02 mcg, Vitamin C: 7.27±0.69 mg, B1: 6 mg, B2: 14.52±1.68 mg] | Fat-Soluble Vitamins [Vitamin A: 6 mcg, Vitamin D2: 6.85±2.24 mcg, Vitamin E: 924±89.0 mg]"
B015,"[B015] Lentil whole, yellowish (Lens culinaris)","Macronutrients [Protein: 0.22g, Fat: 2.56g, Carbs: 1.63g] | Water-Soluble Vitamins [Folate (B9): 0.19 mcg, Vitamin C: 5.25 mg, B1: 2 mg, B2: 17.68 mg] | Fat-Soluble Vitamins [Vitamin A: 2 mcg, Vitamin D2: 7.76 mcg, Vitamin E: 939 mg] | Minerals [Calcium: 86.38 mg, Iron: 1.56 mg, Magnesium: 1.62 mg, Zinc: 0.299 mg]"
B016,[B016] Moth bean (Vigna aconitifolia),"Macronutrients [Protein: 0.09±0.005g, Fat: 1.87±0.08g, Carbs: 2.12±0.21g] | Water-Soluble Vitamins [Folate (B9): 0.79±0.05 mcg, Vitamin C: 22.75±1.22 mg, B1: 6 mg, B2: 9.77±0.17 mg] | Fat-Soluble Vitamins [Vitamin A: 6 mcg, Vitamin D2: 148±21.2 mcg, Vitamin E: 622±72.9 mg] | Minerals [Calcium: 205±13.5 mg, Iron: 1.07±0.02 mg, Magnesium: 0.059±0.025 mg, Zinc: 0.180±0.014 mg]"
B017,"[B017] Peas, dry (Pisum sativum)","Macronutrients [Protein: 0.16±0.013g, Fat: 2.69±0.15g, Carbs: 0.53±0.12g] | Water-Soluble Vitamins [Folate (B9): 0.32±0.02 mcg, Vitamin C: 11.45±1.24 mg, B1: 6 mg, B2: 15.21±0.77 mg] | Fat-Soluble Vitamins [Vitamin A: 6 mcg, Vitamin D2: 474±35.6 mcg, Vitamin E: 933±94.1 mg] | Minerals [Calcium: 123±8.1 mg, Iron: 1.08±0.09 mg, Magnesium: 1.83±3.36 mg, Zinc: 0.113±0.084 mg]"
B018,"[B018] Rajmah, black (Phaseolus vulgaris)","Macronutrients [Protein: 0.19g, Fat: 2.61g, Carbs: 0.63g] | Water-Soluble Vitamins [Folate (B9): 0.21 mcg, Vitamin C: 5.05 mg, B1: 2 mg, B2: 27.98 mg] | Fat-Soluble Vitamins [Vitamin A: 2 mcg, Vitamin D2: 6.38 mcg, Vitamin E: 86.67 mg] | Minerals [Calcium: 160 mg, Iron: 1.19 mg, Magnesium: 0.034 mg, Zinc: 0.283 mg]"
B019,"[B019] Rajmah, brown (Phaseolus vulgaris)","Macronutrients [Protein: 0.21±0.005g, Fat: 2.37±0.12g, Carbs: 0.77±0.13g] | Water-Soluble Vitamins [Folate (B9): 0.23±0.03 mcg, Vitamin C: 5.50±0.85 mg, B1: 6 mg, B2: 25.82±3.22 mg] | Fat-Soluble Vitamins [Vitamin A: 6 mcg, Vitamin D2: 7.18±1.82 mcg, Vitamin E: 90.26±14.96 mg] | Minerals [Calcium: 164±22.3 mg, Iron: 1.19±0.09 mg, Magnesium: 1.48±0.18 mg, Zinc: 0.081±0.043 mg]"
B020,"[B020] Rajmah, red (Phaseolus vulgaris)","Macronutrients [Protein: 0.19±0.018g, Fat: 2.42±0.15g, Carbs: 0.77±0.18g] | Water-Soluble Vitamins [Folate (B9): 0.23±0.01 mcg, Vitamin C: 4.90±0.85 mg, B1: 3 mg, B2: 26.73±3.93 mg] | Fat-Soluble Vitamins [Vitamin A: 3 mcg, Vitamin D2: 6.76±2.55 mcg, Vitamin E: 103±29.2 mg] | Minerals [Calcium: 173±9.7 mg, Iron: 1.24±0.11 mg, Magnesium: 0.054±0.035 mg, Zinc: 0.203±0.085 mg]"
B021,"[B021] Red gram, dal (Cajanus cajan)","Macronutrients [Protein: 0.11±0.006g, Fat: 2.09±0.14g, Carbs: 0.31±0.04g] | Water-Soluble Vitamins [Folate (B9): 0.19±0.02 mcg, Vitamin C: 42.25±7.70 mg, B1: 6 mg, B2: 2.12±0.08 mg] | Fat-Soluble Vitamins [Vitamin A: 6 mcg, Vitamin D2: 11.69±1.31 mcg, Vitamin E: 484±90.6 mg] | Minerals [Calcium: 119±15.3 mg, Iron: 1.12±0.08 mg, Magnesium: 1.56±0.34 mg, Zinc: 0.131±0.080 mg]"
B022,"[B022] Red gram, whole (Cajanus cajan)","Macronutrients [Protein: 0.15±0.015g, Fat: 2.42±0.18g, Carbs: 0.65±0.04g] | Water-Soluble Vitamins [Folate (B9): 0.80±0.06 mcg, Vitamin C: 91.83±7.96 mg, B1: 6 mg, B2: 2.78±0.05 mg] | Fat-Soluble Vitamins [Vitamin A: 6 mcg, Vitamin D2: 25.25±6.15 mcg, Vitamin E: 579±44.8 mg] | Minerals [Calcium: 155±23.1 mg, Iron: 1.34±0.29 mg, Magnesium: 2.22±0.47 mg, Zinc: 0.087±0.054 mg]"
B023,[B023] Ricebean (Vigna umbellata),"Macronutrients [Protein: 0.14g, Fat: 2.32g, Carbs: 122g] | Water-Soluble Vitamins [Folate (B9): 1.06 mcg, Vitamin C: 21.85 mg, B1: 1 mg, B2: 8.26 mg] | Fat-Soluble Vitamins [Vitamin A: 1 mcg, Vitamin D2: 6.88 mcg, Vitamin E: 29.02 mg] | Minerals [Calcium: 201 mg, Iron: 1.68 mg, Magnesium: 270 mg, Zinc: 1196 mg]"
B024,"[B024] Soybean, brown (Glycine max)","Macronutrients [Protein: 0.24±0.002g, Fat: 2.12±0.14g, Carbs: 0.73±0.09g] | Water-Soluble Vitamins [Folate (B9): 1.29±0.04 mcg, Vitamin C: 45.80±8.48 mg, B1: 6 mg, B2: 66.22±5.10 mg] | Fat-Soluble Vitamins [Vitamin A: 6 mcg, Vitamin D2: 35.47±13.69 mcg, Vitamin E: 262±22.4 mg] | Minerals [Calcium: 259±40.2 mg, Iron: 2.69±0.37 mg, Magnesium: 1.15±0.30 mg, Zinc: 0.157±0.108 mg]"
B025,"[B025] Soybean, white (Glycine max)","Macronutrients [Protein: 0.23g, Fat: 2.28g, Carbs: 0.77g] | Water-Soluble Vitamins [Folate (B9): 1.33 mcg, Vitamin C: 46.20 mg, B1: 1 mg, B2: 69.81 mg] | Fat-Soluble Vitamins [Vitamin A: 1 mcg, Vitamin D2: 28.50 mcg, Vitamin E: 282 mg] | Minerals [Calcium: 189 mg, Iron: 2.27 mg, Magnesium: 0.156 mg, Zinc: 0.169 mg]"
C001,[C001] Agathi leaves (Sesbania grandiflora),"Macronutrients [Protein: 0.33g, Fat: 1.18g, Carbs: 120g] | Water-Soluble Vitamins [Folate (B9): 1.77 mcg, Vitamin C: 269 mg, B1: 1 mg, B2: 4.02 mg] | Fat-Soluble Vitamins [Vitamin A: 1 mcg, Vitamin D2: 12941 mcg, Vitamin E: 36087 mg] | Minerals [Calcium: 96.64 mg, Iron: 1.24 mg, Magnesium: 0.41 mg, Zinc: 0.003 mg]"
C002,"[C002] Amaranth leaves, green (Amaranthus gangeticus)","Macronutrients [Protein: 0.19±0.028g, Fat: 0.71±0.06g, Carbs: 70.33±8.10g] | Water-Soluble Vitamins [Folate (B9): 0.44±0.05 mcg, Vitamin C: 280±15.0 mg, B1: 6 mg, B2: 16.01±2.74 mg] | Fat-Soluble Vitamins [Vitamin A: 6 mcg, Vitamin D2: 8397±1005 mcg, Vitamin E: 20473±1060 mg] | Minerals [Calcium: 194±53.2 mg, Iron: 1.24±0.23 mg, Magnesium: 0.024±0.023 mg, Zinc: 0.017±0.008 mg]"
C003,"[C003] Amaranth leaves, red (Amaranthus gangeticus)","Macronutrients [Protein: 0.269g, Fat: 0.62g, Carbs: 81.95g] | Water-Soluble Vitamins [Folate (B9): 0.46 mcg, Vitamin C: 312 mg, B1: 1 mg, B2: 15.10 mg] | Fat-Soluble Vitamins [Vitamin A: 1 mcg, Vitamin D2: 7439 mcg, Vitamin E: 21449 mg] | Minerals [Calcium: 177 mg, Iron: 2.15 mg, Magnesium: 0.013 mg, Zinc: 0.026 mg]"
C004,[C004] Amaranth leaves (Amaranthus gangeticus),"Macronutrients [Protein: 0.22±0.030g, Fat: 0.69±0.04g, Carbs: 69.08±6.27g] | Water-Soluble Vitamins [Folate (B9): 0.45±0.10 mcg, Vitamin C: 284±9.4 mg, B1: 4 mg, B2: 15.25±1.37 mg] | Fat-Soluble Vitamins [Vitamin A: 4 mcg, Vitamin D2: 7390±1361 mcg, Vitamin E: 20181±1961 mg] | Minerals [Calcium: 146±25.9 mg, Iron: 1.43±0.44 mg, Magnesium: 0.010±0.004 mg, Zinc: 0.030±0.020 mg]"
C005,[C005] spinosus),"Macronutrients [Protein: 0.13±0.011g, Fat: 0.63±0.02g, Carbs: 41.44±3.48g] | Water-Soluble Vitamins [Folate (B9): 0.28±0.02 mcg, Vitamin C: 443±3.6 mg, B1: 4 mg, B2: 15.23±0.28 mg] | Fat-Soluble Vitamins [Vitamin A: 4 mcg, Vitamin D2: 1861±203 mcg, Vitamin E: 4174±815 mg] | Minerals [Calcium: 202±68.2 mg, Iron: 1.07±0.31 mg, Magnesium: 0.032±0.015 mg, Zinc: 0.024±0.004 mg]"
C006,[C006] Amaranth leaves,"Macronutrients [Protein: 0.15g, Fat: 0.72g, Carbs: 44.23g] | Water-Soluble Vitamins [Folate (B9): 0.28 mcg, Vitamin C: 448 mg, B1: 2 mg, B2: 15.04 mg] | Fat-Soluble Vitamins [Vitamin A: 2 mcg, Vitamin D2: 1748 mcg, Vitamin E: 4540 mg] | Minerals [Calcium: 187 mg, Iron: 1.84 mg, Magnesium: 0.021 mg, Zinc: 0.020 mg]"
C007,[C007] Basella leaves (Basella alba),"Macronutrients [Protein: 0.15g, Fat: 0.46g, Carbs: 90.31g] | Water-Soluble Vitamins [Folate (B9): 0.16 mcg, Vitamin C: 236 mg, B1: 2 mg, B2: 9.18 mg] | Fat-Soluble Vitamins [Vitamin A: 2 mcg, Vitamin D2: 2962 mcg, Vitamin E: 5824 mg] | Minerals [Calcium: 153 mg, Iron: 1.29 mg, Magnesium: 0.006 mg, Zinc: 0.044 mg]"
C008,[C008] Bathua leaves (Chenopodium album),"Macronutrients [Protein: 0.51g, Fat: 0.54g, Carbs: 42.55g] | Water-Soluble Vitamins [Folate (B9): 0.25 mcg, Vitamin C: 224 mg, B1: 2 mg, B2: 1.01 mg] | Fat-Soluble Vitamins [Vitamin A: 2 mcg, Vitamin D2: 1795 mcg, Vitamin E: 3469 mg] | Minerals [Calcium: 48.41 mg, Iron: 1.58 mg, Magnesium: 0.18 mg, Zinc: 0.003 mg]"
C009,[C009] Beet greens (Beta vulgaris),"Macronutrients [Protein: 0.17±0.05g, Fat: 0.43±0.08g, Carbs: 11.52±1.39g] | Water-Soluble Vitamins [Folate (B9): 0.21±0.03 mcg, Vitamin C: 69.45±5.24 mg, B1: 6 mg, B2: 1.65±0.52 mg] | Fat-Soluble Vitamins [Vitamin A: 6 mcg, Vitamin D2: 1495±329.1 mcg, Vitamin E: 3340.97±143.39 mg] | Minerals [Calcium: 3.53±1.92 mg, Iron: 0.01±0.01 mg, Magnesium: 151±46.9 mg, Zinc: 0.004±0.001 mg] | Minerals [Calcium: 120±7.8 mg, Iron: 1.16±0.04 mg, Magnesium: 0.26±0.12 mg, Zinc: 0.036±0.030 mg]"
C010,"[C010] Betel leaves, big (Kolkata) (Piper betle)","Macronutrients [Protein: 0.08±0.012g, Fat: 0.45±0.05g, Carbs: 15.96±2.25g] | Water-Soluble Vitamins [Folate (B9): 0.05±0.01 mcg, Vitamin C: 207±10.9 mg, B1: 6 mg, B2: 3.78±0.40 mg] | Fat-Soluble Vitamins [Vitamin A: 6 mcg, Vitamin D2: 4253±1026 mcg, Vitamin E: 13735±1594 mg] | Minerals [Calcium: 2.01±0.51 mg, Iron: 1.17±0.85 mg, Magnesium: 0.002±0.001 mg, Zinc: 207±14.9 mg] | Minerals [Calcium: 107±22.4 mg, Iron: 2.57±0.77 mg, Magnesium: 0.21±0.13 mg, Zinc: 0.004±0.004 mg]"
C011,"[C011] Betel leaves, small (Piper betle)","Macronutrients [Protein: 0.07±0.009g, Fat: 0.47±0.07g, Carbs: 16.56±2.67g] | Water-Soluble Vitamins [Folate (B9): 0.03±0.01 mcg, Vitamin C: 204±4.9 mg, B1: 4 mg, B2: 2.27±0.25 mg] | Fat-Soluble Vitamins [Vitamin A: 4 mcg, Vitamin D2: 5783±460 mcg, Vitamin E: 16563±1292 mg] | Minerals [Calcium: 1.85±0.43 mg, Iron: 1.68±0.00 mg, Magnesium: 196±13.7 mg, Zinc: 0.019±0.005 mg] | Minerals [Calcium: 89.94±14.98 mg, Iron: 1.79±0.62 mg, Magnesium: 0.002±0.002 mg, Zinc: 0.043±0.017 mg]"
C012,[C012] Betel leaves,"Macronutrients [Protein: 0.16g, Fat: 0.50g, Carbs: 85.01g] | Water-Soluble Vitamins [Folate (B9): 0.21 mcg, Vitamin C: 23.60 mg, B1: 1 mg, B2: 0.26 mg] | Fat-Soluble Vitamins [Vitamin A: 1 mcg, Vitamin D2: 1653 mcg, Vitamin E: 2564 mg] | Minerals [Calcium: 0.57 mg, Iron: 0.001 mg, Magnesium: 53.99 mg, Zinc: 0.002 mg] | Minerals [Calcium: 32.99 mg, Iron: 0.41 mg, Magnesium: 0.06 mg, Zinc: 0.013 mg]"
C013,"[C013] Cabbage, Chinese (Brassica rupa)","Macronutrients [Protein: 0.05g, Fat: 0.38g, Carbs: 54.51g] | Water-Soluble Vitamins [Folate (B9): 0.25 mcg, Vitamin C: 111 mg, B1: 1 mg, B2: 0.39 mg] | Fat-Soluble Vitamins [Vitamin A: 1 mcg, Vitamin D2: 58.00 mcg, Vitamin E: 103 mg] | Minerals [Calcium: 58.46 mg, Iron: 0.001 mg, Magnesium: 0.05 mg, Zinc: 0.39 mg] | Minerals [Calcium: 11.51 mg, Iron: 0.19 mg, Magnesium: 33.05 mg, Zinc: 258 mg]"
C014,"[C014] Cabbage, collard","Macronutrients [Protein: 0.05g, Fat: 0.26g, Carbs: 63.46g] | Water-Soluble Vitamins [Folate (B9): 0.20 mcg, Vitamin C: 125 mg, B1: 1 mg, B2: 0.18 mg] | Fat-Soluble Vitamins [Vitamin A: 1 mcg, Vitamin D2: 143 mcg, Vitamin E: 358 mg] | Minerals [Calcium: 2.29 mg, Iron: 0.001 mg, Magnesium: 170 mg, Zinc: 0.001 mg] | Minerals [Calcium: 45.90 mg, Iron: 1.27 mg, Magnesium: 0.004 mg, Zinc: 0.030 mg]"
C015,"[C015] Cabbage, green","Macronutrients [Protein: 0.05±0.001g, Fat: 0.24±0.02g, Carbs: 46.36±4.48g] | Water-Soluble Vitamins [Folate (B9): 0.05±0.03 mcg, Vitamin C: 113±0.5 mg, B1: 6 mg, B2: 0.21±0.02 mg] | Fat-Soluble Vitamins [Vitamin A: 6 mcg, Vitamin D2: 3.98±1.34 mcg, Vitamin E: 273±7.3 mg] | Minerals [Calcium: 51.76±4.44 mg, Iron: 0.004±0.002 mg, Magnesium: 0.001±0.001 mg, Zinc: 0.03±0.02 mg] | Minerals [Calcium: 17.99±3.22 mg, Iron: 0.20±0.09 mg, Magnesium: 0.002±0.001 mg, Zinc: 0.009±0.003 mg]"
C016,"[C016] Cabbage, violet","Macronutrients [Protein: 0.05g, Fat: 0.27g, Carbs: 34.81g] | Water-Soluble Vitamins [Folate (B9): 0.03 mcg, Vitamin C: 117 mg, B1: 2 mg, B2: 0.19 mg] | Fat-Soluble Vitamins [Vitamin A: 2 mcg, Vitamin D2: 44.50 mcg, Vitamin E: 339 mg] | Minerals [Calcium: 48.00 mg, Iron: 0.004 mg, Magnesium: 0.002 mg, Zinc: 0.02 mg] | Minerals [Calcium: 26.87 mg, Iron: 0.19 mg, Magnesium: 0.002 mg, Zinc: 0.004 mg]"
C017,"[C017] Cabbage, violet","Macronutrients [Protein: 0.05±0.011g, Fat: 0.21±0.01g, Carbs: 42.99±3.13g] | Fat-Soluble Vitamins [Vitamin A: 6 mcg, Vitamin D2: 152±21.2 mcg, Vitamin E: 1742±9.4 mg] | Minerals [Calcium: 0.46±0.16 mg, Iron: 0.001±0.000 mg, Magnesium: 96.70±16.41 mg, Zinc: 0.014±0.007 mg] | Minerals [Calcium: 41.50±1.86 mg, Iron: 0.50±0.05 mg, Magnesium: 0.006±0.003 mg, Zinc: 0.013±0.009 mg]"
C018,"[C018] Colocasia leaves, green (Colocasia esculenta)","Macronutrients [Protein: 0.07±0.015g, Fat: 0.80±0.07g, Carbs: 159±18.5g] | Water-Soluble Vitamins [Folate (B9): 0.07±0.01 mcg, Vitamin C: 318±37.3 mg, B1: 6 mg, B2: 1.70±0.31 mg] | Fat-Soluble Vitamins [Vitamin A: 6 mcg, Vitamin D2: 5222±1363 mcg, Vitamin E: 26820±3413 mg] | Minerals [Calcium: 2.74±1.45 mg, Iron: 0.001±0.001 mg, Magnesium: 216±50.8 mg, Zinc: 0.004±0.003 mg] | Minerals [Calcium: 59.44±16.08 mg, Iron: 1.30±0.42 mg, Magnesium: 0.25±0.07 mg, Zinc: 0.015±0.011 mg]"
C019,[C019] Drumstick leaves (Moringa oleifera),"Macronutrients [Protein: 0.45±0.042g, Fat: 0.82±0.09g, Carbs: 42.89±5.31g] | Water-Soluble Vitamins [Folate (B9): 0.31±0.01 mcg, Vitamin C: 479±26.6 mg, B1: 3 mg, B2: 14.33±0.19 mg] | Fat-Soluble Vitamins [Vitamin A: 3 mcg, Vitamin D2: 15580±3760 mcg, Vitamin E: 38765±7172 mg] | Minerals [Calcium: 1.15±0.07 mg, Iron: 1.60±0.01 mg, Magnesium: 0.001±0.000 mg, Zinc: 314±71.0 mg] | Minerals [Calcium: 97.09±10.17 mg, Iron: 1.26±0.60 mg, Magnesium: 0.036±0.000 mg, Zinc: 0.024±0.015 mg]"
C020,[C020] Fenugreek leaves (Trigonella foenum graecum),"Macronutrients [Protein: 0.22±0.023g, Fat: 0.70±0.05g, Carbs: 75.26±9.18g] | Water-Soluble Vitamins [Folate (B9): 0.36±0.14 mcg, Vitamin C: 428±32.3 mg, B1: 5 mg, B2: 2.36±0.30 mg] | Fat-Soluble Vitamins [Vitamin A: 5 mcg, Vitamin D2: 2275±754 mcg, Vitamin E: 12755±1221 mg] | Minerals [Calcium: 2.01±0.21 mg, Iron: 0.001±0.000 mg, Magnesium: 274±27.8 mg, Zinc: 0.039±0.004 mg] | Minerals [Calcium: 63.67±18.51 mg, Iron: 0.84±0.34 mg, Magnesium: 0.017±0.014 mg, Zinc: 0.034±0.013 mg]"
C021,[C021] Garden cress (Lepidium sativum),"Macronutrients [Protein: 0.06g, Fat: 1.20g, Carbs: 58.10g] | Water-Soluble Vitamins [Folate (B9): 0.74 mcg, Vitamin C: 458 mg, B1: 2 mg, B2: 0.55 mg] | Fat-Soluble Vitamins [Vitamin A: 2 mcg, Vitamin D2: 1354 mcg, Vitamin E: 5048 mg] | Minerals [Calcium: 0.003 mg, Iron: 0.005 mg, Magnesium: 217 mg, Zinc: 0.001 mg] | Minerals [Calcium: 79.24 mg, Iron: 1.20 mg, Magnesium: 0.34 mg, Zinc: 0.005 mg]"
C022,"[C022] Gogu leaves, green (Hibiscus cannabinus)","Macronutrients [Protein: 0.06±0.009g, Fat: 0.58±0.04g, Carbs: 74.94±12.55g] | Water-Soluble Vitamins [Folate (B9): 0.50±0.15 mcg, Vitamin C: 433±1.6 mg, B1: 4 mg, B2: 4.28±0.14 mg] | Fat-Soluble Vitamins [Vitamin A: 4 mcg, Vitamin D2: 5276±985 mcg, Vitamin E: 16088±3497 mg] | Minerals [Calcium: 2.30±0.29 mg, Iron: 145±15.3 mg, Magnesium: 0.061±0.014 mg, Zinc: 0.004±0.002 mg] | Minerals [Calcium: 83.09±15.88 mg, Iron: 2.03±0.32 mg, Magnesium: 0.012±0.007 mg, Zinc: 0.050±0.013 mg]"
C023,"[C023] Gogu leaves, red (Hibiscus cannabinus)","Macronutrients [Protein: 0.05g, Fat: 0.56g, Carbs: 88.63g] | Water-Soluble Vitamins [Folate (B9): 0.50 mcg, Vitamin C: 438 mg, B1: 1 mg, B2: 4.27 mg] | Fat-Soluble Vitamins [Vitamin A: 1 mcg, Vitamin D2: 4782 mcg, Vitamin E: 15934 mg] | Minerals [Calcium: 2.74 mg, Iron: 129 mg, Magnesium: 0.040 mg, Zinc: 0.009 mg] | Minerals [Calcium: 75.75 mg, Iron: 1.75 mg, Magnesium: 0.010 mg, Zinc: 0.050 mg]"
C024,[C024] Gogu leaves,"Macronutrients [Protein: 0.15g, Fat: 0.86g, Carbs: 41.55g] | Water-Soluble Vitamins [Folate (B9): 0.53 mcg, Vitamin C: 295 mg, B1: 2 mg, B2: 0.59 mg] | Fat-Soluble Vitamins [Vitamin A: 2 mcg, Vitamin D2: 15.62 mcg, Vitamin E: 154 mg] | Minerals [Calcium: 7.98 mg, Iron: 0.004 mg, Magnesium: 368 mg, Zinc: 0.005 mg] | Minerals [Calcium: 66.00 mg, Iron: 0.70 mg, Magnesium: 0.29 mg, Zinc: 0.105 mg]"
C025,[C025] Lettuce (Lactuca sativa),"Macronutrients [Protein: 0.09±0.008g, Fat: 0.17±0.02g, Carbs: 30.69±6.48g] | Water-Soluble Vitamins [Folate (B9): 0.01±0.01 mcg, Vitamin C: 91.08±2.20 mg, B1: 3 mg, B2: 0.10±0.04 mg] | Fat-Soluble Vitamins [Vitamin A: 3 mcg, Vitamin D2: 1858±322 mcg, Vitamin E: 7532±1363 mg] | Minerals [Calcium: 0.90±0.12 mg, Iron: 1.43±0.31 mg, Magnesium: 0.003±0.001 mg, Zinc: 56.71±2.07 mg] | Minerals [Calcium: 43.22±17.56 mg, Iron: 0.38±0.15 mg, Magnesium: 0.08±0.04 mg, Zinc: 0.004±0.002 mg]"
C026,[C026] Mustard leaves (Brassica juncea),"Macronutrients [Protein: 0.18±0.015g, Fat: 0.58±0.07g, Carbs: 110±6.6g] | Water-Soluble Vitamins [Folate (B9): 0.57±0.06 mcg, Vitamin C: 192±4.1 mg, B1: 3 mg, B2: 5.40±0.33 mg] | Fat-Soluble Vitamins [Vitamin A: 3 mcg, Vitamin D2: 2939±562 mcg, Vitamin E: 6397±1014 mg] | Minerals [Calcium: 1.74±0.05 mg, Iron: 3.65±0.32 mg, Magnesium: 0.004±0.000 mg, Zinc: 191±23.8 mg] | Minerals [Calcium: 51.63±4.38 mg, Iron: 0.41±0.07 mg, Magnesium: 0.010±0.001 mg, Zinc: 0.015±0.001 mg]"
C027,[C027] Pak Choi leaves(Brassica rapa var. Chinensis),"Macronutrients [Protein: 0.22g, Fat: 0.66g, Carbs: 98.50g] | Water-Soluble Vitamins [Folate (B9): 0.03 mcg, Vitamin C: 39.85 mg, B1: 1 mg, B2: 0.10 mg] | Fat-Soluble Vitamins [Vitamin A: 1 mcg, Vitamin D2: 2655 mcg, Vitamin E: 5111 mg] | Minerals [Calcium: 3.16 mg, Iron: 3.29 mg, Magnesium: 3.098 mg, Zinc: 150 mg] | Minerals [Calcium: 45.28 mg, Iron: 0.36 mg, Magnesium: 0.08 mg, Zinc: 0.020 mg]"
C028,[C028] Parsley (Petroselinum crispum),"Macronutrients [Protein: 0.10±0.005g, Fat: 0.36±0.01g, Carbs: 197±13.9g] | Water-Soluble Vitamins [Folate (B9): 0.35±0.05 mcg, Vitamin C: 322±3.3 mg, B1: 3 mg, B2: 5.55±0.18 mg] | Fat-Soluble Vitamins [Vitamin A: 3 mcg, Vitamin D2: 3574±455 mcg, Vitamin E: 6558±578 mg] | Minerals [Calcium: 4.04±0.97 mg, Iron: 0.007±0.002 mg, Magnesium: 288±48.7 mg, Zinc: 0.001±0.000 mg] | Minerals [Calcium: 49.18±13.89 mg, Iron: 0.91±0.01 mg, Magnesium: 0.49±0.22 mg, Zinc: 0.015±0.007 mg]"
C029,[C029] Ponnaganni (Alternanthera sessilis),"Macronutrients [Protein: 0.10g, Fat: 0.32g, Carbs: 48.42g] | Water-Soluble Vitamins [Folate (B9): 0.54 mcg, Vitamin C: 574 mg, B1: 2 mg, B2: 0.65 mg] | Fat-Soluble Vitamins [Vitamin A: 2 mcg, Vitamin D2: 5201 mcg, Vitamin E: 24206 mg] | Minerals [Calcium: 2.68 mg, Iron: 0.004 mg, Magnesium: 388 mg, Zinc: 0.002 mg] | Minerals [Calcium: 80.39 mg, Iron: 0.66 mg, Magnesium: 0.34 mg, Zinc: 0.002 mg]"
C030,"[C030] Pumpkin leaves, tender (Cucurbita maxima)","Macronutrients [Protein: 0.13±0.025g, Fat: 1.49±0.09g, Carbs: 33.82±4.70g] | Water-Soluble Vitamins [Folate (B9): 1.69±0.05 mcg, Vitamin C: 243±11.1 mg, B1: 6 mg, B2: 3.19±0.18 mg] | Fat-Soluble Vitamins [Vitamin A: 6 mcg, Vitamin D2: 6139±982 mcg, Vitamin E: 8247±720 mg] | Minerals [Calcium: 4.70±0.90 mg, Iron: 0.001±0.001 mg, Magnesium: 271±73.6 mg, Zinc: 0.053±0.016 mg] | Minerals [Calcium: 84.21±9.97 mg, Iron: 1.14±0.60 mg, Magnesium: 0.031±0.016 mg, Zinc: 0.027±0.014 mg]"
C031,[C031] Radish leaves (Raphanus sativus),"Macronutrients [Protein: 0.13±0.024g, Fat: 0.47±0.06g, Carbs: 53.14±5.32g] | Water-Soluble Vitamins [Folate (B9): 0.08±0.03 mcg, Vitamin C: 185±3.3 mg, B1: 6 mg, B2: 1.39±0.08 mg] | Fat-Soluble Vitamins [Vitamin A: 6 mcg, Vitamin D2: 1741±190 mcg, Vitamin E: 9339±854 mg] | Minerals [Calcium: 1.95±0.47 mg, Iron: 4.91±0.52 mg, Magnesium: 0.003±0.001 mg, Zinc: 234±53.1 mg] | Minerals [Calcium: 57.96±15.93 mg, Iron: 0.90±0.59 mg, Magnesium: 0.019±0.022 mg, Zinc: 0.025±0.010 mg]"
C032,[C032] Rumex leaves (Rumex patientia),"Macronutrients [Protein: 0.14g, Fat: 0.33g, Carbs: 41.01g] | Water-Soluble Vitamins [Folate (B9): 0.51 mcg, Vitamin C: 126 mg, B1: 2 mg, B2: 0.10 mg] | Fat-Soluble Vitamins [Vitamin A: 2 mcg, Vitamin D2: 2370 mcg, Vitamin E: 8290 mg] | Minerals [Calcium: 3.15 mg, Iron: 2.75 mg, Magnesium: 0.001 mg, Zinc: 131 mg] | Minerals [Calcium: 48.33 mg, Iron: 0.82 mg, Magnesium: 0.47 mg, Zinc: 0.015 mg]"
C033,[C033] Spinach (Spinacia oleracea),"Macronutrients [Protein: 0.10±0.009g, Fat: 0.33±0.03g, Carbs: 142±10.3g] | Water-Soluble Vitamins [Folate (B9): 1.29±0.02 mcg, Vitamin C: 325±2.3 mg, B1: 6 mg, B2: 0.26±0.03 mg] | Fat-Soluble Vitamins [Vitamin A: 6 mcg, Vitamin D2: 3850±926 mcg, Vitamin E: 9553±1491 mg] | Minerals [Calcium: 1.51±0.47 mg, Iron: 82.29±6.51 mg, Magnesium: 0.028±0.005 mg, Zinc: 0.002±0.001 mg] | Minerals [Calcium: 86.97±8.58 mg, Iron: 1.12±0.42 mg, Magnesium: 0.008±0.004 mg, Zinc: 0.025±0.004 mg]"
C034,"[C034] Tamarind leaves, tender (Tamarindus indica)","Macronutrients [Protein: 0.03±0.007g, Fat: 0.79±0.02g, Carbs: 91.82±9.56g] | Water-Soluble Vitamins [Folate (B9): 0.81±0.01 mcg, Vitamin C: 249±6.6 mg, B1: 3 mg, B2: 2.62±0.00 mg] | Fat-Soluble Vitamins [Vitamin A: 3 mcg, Vitamin D2: 58.83±10.16 mcg, Vitamin E: 4002±389 mg] | Minerals [Calcium: 66.93±0.96 mg, Iron: 0.002±0.001 mg, Magnesium: 0.56±0.04 mg, Zinc: 2.84±0.70 mg] | Minerals [Calcium: 42.10±0.80 mg, Iron: 0.64±0.05 mg, Magnesium: 86.86±2.14 mg, Zinc: 465±4.0 mg]"
D001,[D001] Ash gourd (Benincasa hispida),"Macronutrients [Protein: 0.01±0.001g, Fat: 0.12±0.02g, Carbs: 14.11±1.85g] | Water-Soluble Vitamins [Folate (B9): 0.02±0.01 mcg, Vitamin C: 27.15±0.45 mg, B1: 6 mg, B2: 1.35±0.18 mg] | Fat-Soluble Vitamins [Vitamin A: 6 mcg, Vitamin D2: 18.29±4.23 mcg, Vitamin E: 66.67±10.19 mg] | Minerals [Calcium: 0.04±0.02 mg, Iron: 19.39±1.46 mg, Magnesium: 0.006±0.002 mg, Zinc: 0.001±0.001 mg] | Minerals [Calcium: 19.95±6.83 mg, Iron: 0.09±0.03 mg, Magnesium: 0.008±0.004 mg, Zinc: 0.008±0.004 mg]"
D002,"[D002] Bamboo shoot, tender (Bambusa vulgaris)","Macronutrients [Protein: 0.06g, Fat: 0.25g, Carbs: 17.05g] | Water-Soluble Vitamins [Folate (B9): 0.05 mcg, Vitamin C: 1.13 mg, B1: 1 mg, B2: 0.41 mg] | Fat-Soluble Vitamins [Vitamin A: 1 mcg, Vitamin D2: 2.50 mcg, Vitamin E: 11.60 mg] | Minerals [Calcium: 0.03 mg, Iron: 10.00 mg, Magnesium: 0.004 mg, Zinc: 0.14 mg] | Minerals [Calcium: 8.28 mg, Iron: 0.42 mg, Magnesium: 0.008 mg, Zinc: 39.63 mg]"
D003,"[D003] Bean scarlet, tender (Phaseolus coccineus)","Macronutrients [Protein: 0.12±0.016g, Fat: 0.52±0.08g, Carbs: 45.26±0.73g] | Water-Soluble Vitamins [Folate (B9): 0.15±0.03 mcg, Vitamin C: 60.10±3.36 mg, B1: 5 mg, B2: 1.40±0.17 mg] | Fat-Soluble Vitamins [Vitamin A: 5 mcg, Vitamin D2: 98.51±21.39 mcg, Vitamin E: 1055±156 mg] | Minerals [Calcium: 0.30±0.07 mg, Iron: 43.48±18.32 mg, Magnesium: 0.001±0.000 mg, Zinc: 0.17±0.01 mg] | Minerals [Calcium: 43.75±1.66 mg, Iron: 0.37±0.02 mg, Magnesium: 0.039±0.016 mg, Zinc: 0.027±0.013 mg]"
D004,"[D004] Bitter gourd,","Macronutrients [Protein: 0.04±0.009g, Fat: 0.27±0.03g, Carbs: 60.28±7.22g] | Water-Soluble Vitamins [Folate (B9): 0.03±0.01 mcg, Vitamin C: 4.55±0.36 mg, B1: 6 mg, B2: 1.92±0.28 mg] | Fat-Soluble Vitamins [Vitamin A: 6 mcg, Vitamin D2: 282±101 mcg, Vitamin E: 717±179 mg] | Minerals [Calcium: 0.37±0.20 mg, Iron: 21.36±3.00 mg, Magnesium: 0.014±0.002 mg, Zinc: 0.002±0.001 mg] | Minerals [Calcium: 32.14±5.53 mg, Iron: 0.25±0.02 mg, Magnesium: 0.004±0.001 mg, Zinc: 0.015±0.012 mg]"
D005,"[D005] Bitter gourd,","Macronutrients [Protein: 0.04±0.005g, Fat: 0.29±0.03g, Carbs: 51.45±6.97g] | Water-Soluble Vitamins [Folate (B9): 0.03±0.00 mcg, Vitamin C: 4.85±0.35 mg, B1: 4 mg, B2: 1.90±0.15 mg] | Fat-Soluble Vitamins [Vitamin A: 4 mcg, Vitamin D2: 244±82.0 mcg, Vitamin E: 505±86 mg] | Minerals [Calcium: 0.40±0.10 mg, Iron: 16.27±2.20 mg, Magnesium: 0.013±0.003 mg, Zinc: 0.002±0.000 mg] | Minerals [Calcium: 31.58±2.56 mg, Iron: 0.23±0.11 mg, Magnesium: 0.004±0.000 mg, Zinc: 0.013±0.003 mg]"
D006,"[D006] Bitter gourd,","Macronutrients [Protein: 0.04g, Fat: 0.30g, Carbs: 60.03g] | Water-Soluble Vitamins [Folate (B9): 0.03 mcg, Vitamin C: 4.70 mg, B1: 1 mg, B2: 1.83 mg] | Fat-Soluble Vitamins [Vitamin A: 1 mcg, Vitamin D2: 313 mcg, Vitamin E: 481 mg] | Minerals [Calcium: 0.40 mg, Iron: 17.62 mg, Magnesium: 0.013 mg, Zinc: 0.007 mg] | Minerals [Calcium: 33.34 mg, Iron: 0.50 mg, Magnesium: 0.003 mg, Zinc: 0.047 mg]"
D007,"[D007] Bottle gourd,","Macronutrients [Protein: 0.01±0.001g, Fat: 0.14±0.01g, Carbs: 41.99±3.56g] | Water-Soluble Vitamins [Folate (B9): 0.02±0.01 mcg, Vitamin C: 2.10±0.23 mg, B1: 6 mg, B2: 0.74±0.02 mg] | Fat-Soluble Vitamins [Vitamin A: 6 mcg, Vitamin D2: 28.88±8.19 mcg, Vitamin E: 95.12±13.56 mg] | Minerals [Calcium: 0.03±0.01 mg, Iron: 15.42±2.54 mg, Magnesium: 0.004±0.001 mg, Zinc: 0.001±0.000 mg] | Minerals [Calcium: 10.93±1.69 mg, Iron: 0.13±0.07 mg, Magnesium: 0.002±0.001 mg, Zinc: 0.008±0.004 mg]"
D008,"[D008] Bottle gourd,","Macronutrients [Protein: 0.01±0.001g, Fat: 0.14±0.01g, Carbs: 49.59±3.82g] | Water-Soluble Vitamins [Folate (B9): 0.01±0.00 mcg, Vitamin C: 2.06±0.36 mg, B1: 5 mg, B2: 0.70±0.04 mg] | Fat-Soluble Vitamins [Vitamin A: 5 mcg, Vitamin D2: 29.64±2.98 mcg, Vitamin E: 92.56±17.23 mg] | Minerals [Calcium: 0.05±0.03 mg, Iron: 0.000±0.001 mg, Magnesium: 15.05±1.70 mg, Zinc: 0.003±0.001 mg] | Minerals [Calcium: 10.89±1.53 mg, Iron: 0.11±0.04 mg, Magnesium: 0.001±0.000 mg, Zinc: 0.013±0.004 mg]"
D009,"[D009] Bottle gourd,","Macronutrients [Protein: 0.01g, Fat: 0.14g, Carbs: 46.31g] | Water-Soluble Vitamins [Folate (B9): 0.02 mcg, Vitamin C: 1.80 mg, B1: 1 mg, B2: 0.60 mg] | Fat-Soluble Vitamins [Vitamin A: 1 mcg, Vitamin D2: 28.98 mcg, Vitamin E: 97.02 mg] | Minerals [Calcium: 0.03 mg, Iron: 16.64 mg, Magnesium: 0.003 mg, Zinc: 0.004 mg] | Minerals [Calcium: 12.90 mg, Iron: 0.15 mg, Magnesium: 0.014 mg, Zinc: 26.86 mg]"
D010,"[D010] Bottle gourd, (Solanum melongena)","Macronutrients [Protein: 0.07g, Fat: 0.13g, Carbs: 37.22g] | Water-Soluble Vitamins [Folate (B9): 0.08 mcg, Vitamin C: 10.30 mg, B1: Brinjal-1 mg, B2: 1 mg] | Fat-Soluble Vitamins [Vitamin A: Brinjal-1 mcg, Vitamin D2: 1 mcg, Vitamin E: 186 mg] | Minerals [Calcium: 1 mg, Iron: 0.24 mg, Magnesium: 0.002 mg, Zinc: 22.17 mg] | Minerals [Calcium: 1 mg, Iron: 26.75 mg, Magnesium: 0.29 mg, Zinc: 0.024 mg]"
D011,"[D011] Bottle gourd, (Solanum melongena)","Macronutrients [Protein: 0.09g, Fat: 0.11g, Carbs: 27.22g] | Water-Soluble Vitamins [Folate (B9): 0.11 mcg, Vitamin C: 11.45 mg, B1: Brinjal-2 mg, B2: 1 mg] | Fat-Soluble Vitamins [Vitamin A: Brinjal-2 mcg, Vitamin D2: 1 mcg, Vitamin E: 167 mg] | Minerals [Calcium: 1 mg, Iron: 0.05 mg, Magnesium: 0.002 mg, Zinc: 17.13 mg] | Minerals [Calcium: 1 mg, Iron: 29.56 mg, Magnesium: 0.29 mg, Zinc: 0.008 mg]"
D012,"[D012] Bottle gourd, (Solanum melongena)","Macronutrients [Protein: 0.050g, Fat: 0.109g, Carbs: 32.29g] | Water-Soluble Vitamins [Folate (B9): 0.09 mcg, Vitamin C: 12.25 mg, B1: Brinjal-3 mg, B2: 2 mg] | Fat-Soluble Vitamins [Vitamin A: Brinjal-3 mcg, Vitamin D2: 2 mcg, Vitamin E: 155 mg] | Minerals [Calcium: 2 mg, Iron: 0.05 mg, Magnesium: 0.001 mg, Zinc: 14.58 mg] | Minerals [Calcium: 2 mg, Iron: 18.62 mg, Magnesium: 0.29 mg, Zinc: 0.024 mg]"
